1,01/3/1960,30/7/1960
2,01/7/1960,30/11/1960
3,01/3/1961,30/7/1961
4,01/7/1961,30/11/1961
5,01/3/1962,30/7/1962
6,01/7/1962,30/11/1962
7,01/3/1963,30/7/1963
8,01/7/1963,30/11/1963
9,01/3/1964,30/7/1964
10,01/7/1964,30/11/1964
11,01/3/1965,30/7/1965
12,01/7/1965,30/11/1965
13,01/3/1966,30/7/1966
14,01/7/1966,30/11/1966
15,01/3/1967,30/7/1967
16,01/7/1967,30/11/1967
17,01/3/1968,30/7/1968
18,01/7/1968,30/11/1968
19,01/3/1969,30/7/1969
20,01/7/1969,30/11/1969
21,01/3/1970,30/7/1970
22,01/7/1970,30/11/1970
23,01/3/1971,30/7/1971
24,01/7/1971,30/11/1971
25,01/3/1972,30/7/1972
26,01/7/1972,30/11/1972
27,01/3/1973,30/7/1973
28,01/7/1973,30/11/1973
29,01/3/1974,30/7/1974
30,01/7/1974,30/11/1974
31,01/3/1975,30/7/1975
32,01/7/1975,30/11/1975
33,01/3/1976,30/7/1976
34,01/7/1976,30/11/1976
35,01/3/1977,30/7/1977
36,01/7/1977,30/11/1977
37,01/3/1978,30/7/1978
38,01/7/1978,30/11/1978
39,01/3/1979,30/7/1979
40,01/7/1979,30/11/1979
41,01/3/1980,30/7/1980
42,01/7/1980,30/11/1980
43,01/3/1981,30/7/1981
44,01/7/1981,30/11/1981
45,01/3/1982,30/7/1982
46,01/7/1982,30/11/1982
47,01/3/1983,30/7/1983
48,01/7/1983,30/11/1983
49,01/3/1984,30/7/1984
50,01/7/1984,30/11/1984
51,01/3/1985,30/7/1985
52,01/7/1985,30/11/1985
53,01/3/1986,30/7/1986
54,01/7/1986,30/11/1986
55,01/3/1987,30/7/1987
56,01/7/1987,30/11/1987
57,01/3/1988,30/7/1988
58,01/7/1988,30/11/1988
59,01/3/1989,30/7/1989
60,01/7/1989,30/11/1989
61,01/3/1990,30/7/1990
62,01/7/1990,30/11/1990
63,01/3/1991,30/7/1991
64,01/7/1991,30/11/1991
65,01/3/1992,30/7/1992
66,01/7/1992,30/11/1992
67,01/3/1993,30/7/1993
68,01/7/1993,30/11/1993
69,01/3/1994,30/7/1994
70,01/7/1994,30/11/1994
71,01/3/1995,30/7/1995
72,01/7/1995,30/11/1995
73,01/3/1996,30/7/1996
74,01/7/1996,30/11/1996
75,01/3/1997,30/7/1997
76,01/7/1997,30/11/1997
77,01/3/1998,30/7/1998
78,01/7/1998,30/11/1998
79,01/3/1999,30/7/1999
80,01/7/1999,30/11/1999
81,01/3/2000,30/7/2000
82,01/7/2000,30/11/2000
83,01/3/2001,30/7/2001
84,01/7/2001,30/11/2001
85,01/3/2002,30/7/2002
86,01/7/2002,30/11/2002
87,01/3/2003,30/7/2003
88,01/7/2003,30/11/2003
89,01/3/2004,30/7/2004
90,01/7/2004,30/11/2004
91,01/3/2005,30/7/2005
92,01/7/2005,30/11/2005
93,01/3/2006,30/7/2006
94,01/7/2006,30/11/2006
95,01/3/2007,30/7/2007
96,01/7/2007,30/11/2007
97,01/3/2008,30/7/2008
98,01/7/2008,30/11/2008
99,01/3/2009,30/7/2009
100,01/7/2009,30/11/2009
101,01/3/2010,30/7/2010
102,01/7/2010,30/11/2010
103,01/3/2011,30/7/2011
104,01/7/2011,30/11/2011
105,01/3/2012,30/7/2012
106,01/7/2012,30/11/2012
107,01/3/2013,30/7/2013
108,01/7/2013,30/11/2013
109,01/3/2014,30/7/2014
110,01/7/2014,30/11/2014
111,01/3/2015,30/7/2015
112,01/7/2015,30/11/2015
113,01/3/2016,30/7/2016
114,01/7/2016,30/11/2016
115,01/3/2017,30/7/2017
116,01/7/2017,30/11/2017
117,01/3/2018,30/7/2018
118,01/7/2018,30/11/2018
119,01/3/2019,30/7/2019
120,01/7/2019,30/11/2019
121,01/3/2020,30/7/2020
122,01/7/2020,30/11/2020
123,01/3/2021,30/7/2021
124,01/7/2021,30/11/2021
125,01/3/2022,30/7/2022
126,01/7/2022,30/11/2022
127,01/3/2023,30/7/2023
128,01/7/2023,30/11/2023
129,01/3/2024,30/7/2024
130,01/7/2024,30/11/2024
131,01/3/2025,30/7/2025
132,01/7/2025,30/11/2025
133,01/3/2026,30/7/2026
134,01/7/2026,30/11/2026
135,01/3/2027,30/7/2027
136,01/7/2027,30/11/2027
137,01/3/2028,30/7/2028
138,01/7/2028,30/11/2028
139,01/3/2029,30/7/2029
140,01/7/2029,30/11/2029
141,01/3/2030,30/7/2030
142,01/7/2030,30/11/2030
143,01/3/2031,30/7/2031
144,01/7/2031,30/11/2031
145,01/3/2032,30/7/2032
146,01/7/2032,30/11/2032
147,01/3/2033,30/7/2033
148,01/7/2033,30/11/2033
149,01/3/2034,30/7/2034
150,01/7/2034,30/11/2034
151,01/3/2035,30/7/2035
152,01/7/2035,30/11/2035
153,01/3/2036,30/7/2036
154,01/7/2036,30/11/2036
155,01/3/2037,30/7/2037
156,01/7/2037,30/11/2037
157,01/3/2038,30/7/2038
158,01/7/2038,30/11/2038
159,01/3/2039,30/7/2039
160,01/7/2039,30/11/2039
161,01/3/2040,30/7/2040
162,01/7/2040,30/11/2040
163,01/3/2041,30/7/2041
164,01/7/2041,30/11/2041
165,01/3/2042,30/7/2042
166,01/7/2042,30/11/2042
167,01/3/2043,30/7/2043
168,01/7/2043,30/11/2043
169,01/3/2044,30/7/2044
170,01/7/2044,30/11/2044
171,01/3/2045,30/7/2045
172,01/7/2045,30/11/2045
173,01/3/2046,30/7/2046
174,01/7/2046,30/11/2046
175,01/3/2047,30/7/2047
176,01/7/2047,30/11/2047
177,01/3/2048,30/7/2048
178,01/7/2048,30/11/2048
179,01/3/2049,30/7/2049
180,01/7/2049,30/11/2049
181,01/3/2050,30/7/2050
182,01/7/2050,30/11/2050
183,01/3/2051,30/7/2051
184,01/7/2051,30/11/2051
185,01/3/2052,30/7/2052
186,01/7/2052,30/11/2052
187,01/3/2053,30/7/2053
188,01/7/2053,30/11/2053
189,01/3/2054,30/7/2054
190,01/7/2054,30/11/2054
191,01/3/2055,30/7/2055
192,01/7/2055,30/11/2055
193,01/3/2056,30/7/2056
194,01/7/2056,30/11/2056
195,01/3/2057,30/7/2057
196,01/7/2057,30/11/2057
197,01/3/2058,30/7/2058
198,01/7/2058,30/11/2058
199,01/3/2059,30/7/2059
200,01/7/2059,30/11/2059
201,01/3/2060,30/7/2060
202,01/7/2060,30/11/2060
203,01/3/2061,30/7/2061
204,01/7/2061,30/11/2061
205,01/3/2062,30/7/2062
206,01/7/2062,30/11/2062
207,01/3/2063,30/7/2063
208,01/7/2063,30/11/2063
209,01/3/2064,30/7/2064
210,01/7/2064,30/11/2064
211,01/3/2065,30/7/2065
212,01/7/2065,30/11/2065
213,01/3/2066,30/7/2066
214,01/7/2066,30/11/2066
215,01/3/2067,30/7/2067
216,01/7/2067,30/11/2067
217,01/3/2068,30/7/2068
218,01/7/2068,30/11/2068
219,01/3/2069,30/7/2069
220,01/7/2069,30/11/2069
221,01/3/2070,30/7/2070
222,01/7/2070,30/11/2070
223,01/3/2071,30/7/2071
224,01/7/2071,30/11/2071
225,01/3/2072,30/7/2072
226,01/7/2072,30/11/2072
227,01/3/2073,30/7/2073
228,01/7/2073,30/11/2073
229,01/3/2074,30/7/2074
230,01/7/2074,30/11/2074
231,01/3/2075,30/7/2075
232,01/7/2075,30/11/2075
233,01/3/2076,30/7/2076
234,01/7/2076,30/11/2076
235,01/3/2077,30/7/2077
236,01/7/2077,30/11/2077
237,01/3/2078,30/7/2078
238,01/7/2078,30/11/2078
239,01/3/2079,30/7/2079
240,01/7/2079,30/11/2079
241,01/3/2080,30/7/2080
242,01/7/2080,30/11/2080
243,01/3/2081,30/7/2081
244,01/7/2081,30/11/2081
245,01/3/2082,30/7/2082
246,01/7/2082,30/11/2082
247,01/3/2083,30/7/2083
248,01/7/2083,30/11/2083
249,01/3/2084,30/7/2084
250,01/7/2084,30/11/2084
251,01/3/2085,30/7/2085
252,01/7/2085,30/11/2085
253,01/3/2086,30/7/2086
254,01/7/2086,30/11/2086
255,01/3/2087,30/7/2087
256,01/7/2087,30/11/2087
257,01/3/2088,30/7/2088
258,01/7/2088,30/11/2088
259,01/3/2089,30/7/2089
260,01/7/2089,30/11/2089
261,01/3/2090,30/7/2090
262,01/7/2090,30/11/2090
263,01/3/2091,30/7/2091
264,01/7/2091,30/11/2091
265,01/3/2092,30/7/2092
266,01/7/2092,30/11/2092
267,01/3/2093,30/7/2093
268,01/7/2093,30/11/2093
269,01/3/2094,30/7/2094
270,01/7/2094,30/11/2094
271,01/3/2095,30/7/2095
272,01/7/2095,30/11/2095
273,01/3/2096,30/7/2096
274,01/7/2096,30/11/2096
275,01/3/2097,30/7/2097
276,01/7/2097,30/11/2097
277,01/3/2098,30/7/2098
278,01/7/2098,30/11/2098
279,01/3/2099,30/7/2099
280,01/7/2099,30/11/2099
281,01/3/2100,30/7/2100
282,01/7/2100,30/11/2100
283,01/3/2101,30/7/2101
284,01/7/2101,30/11/2101
285,01/3/2102,30/7/2102
286,01/7/2102,30/11/2102
287,01/3/2103,30/7/2103
288,01/7/2103,30/11/2103
289,01/3/2104,30/7/2104
290,01/7/2104,30/11/2104
291,01/3/2105,30/7/2105
292,01/7/2105,30/11/2105
293,01/3/2106,30/7/2106
294,01/7/2106,30/11/2106
295,01/3/2107,30/7/2107
296,01/7/2107,30/11/2107
297,01/3/2108,30/7/2108
298,01/7/2108,30/11/2108
299,01/3/2109,30/7/2109
300,01/7/2109,30/11/2109
301,01/3/2110,30/7/2110
302,01/7/2110,30/11/2110
303,01/3/2111,30/7/2111
304,01/7/2111,30/11/2111
305,01/3/2112,30/7/2112
306,01/7/2112,30/11/2112
307,01/3/2113,30/7/2113
308,01/7/2113,30/11/2113
309,01/3/2114,30/7/2114
310,01/7/2114,30/11/2114
311,01/3/2115,30/7/2115
312,01/7/2115,30/11/2115
313,01/3/2116,30/7/2116
314,01/7/2116,30/11/2116
315,01/3/2117,30/7/2117
316,01/7/2117,30/11/2117
317,01/3/2118,30/7/2118
318,01/7/2118,30/11/2118
319,01/3/2119,30/7/2119
320,01/7/2119,30/11/2119
321,01/3/2120,30/7/2120
322,01/7/2120,30/11/2120
323,01/3/2121,30/7/2121
324,01/7/2121,30/11/2121
325,01/3/2122,30/7/2122
326,01/7/2122,30/11/2122
327,01/3/2123,30/7/2123
328,01/7/2123,30/11/2123
329,01/3/2124,30/7/2124
330,01/7/2124,30/11/2124
331,01/3/2125,30/7/2125
332,01/7/2125,30/11/2125
333,01/3/2126,30/7/2126
334,01/7/2126,30/11/2126
335,01/3/2127,30/7/2127
336,01/7/2127,30/11/2127
337,01/3/2128,30/7/2128
338,01/7/2128,30/11/2128
339,01/3/2129,30/7/2129
340,01/7/2129,30/11/2129
341,01/3/2130,30/7/2130
342,01/7/2130,30/11/2130
343,01/3/2131,30/7/2131
344,01/7/2131,30/11/2131
345,01/3/2132,30/7/2132
346,01/7/2132,30/11/2132
347,01/3/2133,30/7/2133
348,01/7/2133,30/11/2133
349,01/3/2134,30/7/2134
350,01/7/2134,30/11/2134
351,01/3/2135,30/7/2135
352,01/7/2135,30/11/2135
353,01/3/2136,30/7/2136
354,01/7/2136,30/11/2136
355,01/3/2137,30/7/2137
356,01/7/2137,30/11/2137
357,01/3/2138,30/7/2138
358,01/7/2138,30/11/2138
359,01/3/2139,30/7/2139
360,01/7/2139,30/11/2139
361,01/3/2140,30/7/2140
362,01/7/2140,30/11/2140
363,01/3/2141,30/7/2141
364,01/7/2141,30/11/2141
365,01/3/2142,30/7/2142
366,01/7/2142,30/11/2142
367,01/3/2143,30/7/2143
368,01/7/2143,30/11/2143
369,01/3/2144,30/7/2144
370,01/7/2144,30/11/2144
371,01/3/2145,30/7/2145
372,01/7/2145,30/11/2145
373,01/3/2146,30/7/2146
374,01/7/2146,30/11/2146
375,01/3/2147,30/7/2147
376,01/7/2147,30/11/2147
377,01/3/2148,30/7/2148
378,01/7/2148,30/11/2148
379,01/3/2149,30/7/2149
380,01/7/2149,30/11/2149
381,01/3/2150,30/7/2150
382,01/7/2150,30/11/2150
383,01/3/2151,30/7/2151
384,01/7/2151,30/11/2151
385,01/3/2152,30/7/2152
386,01/7/2152,30/11/2152
387,01/3/2153,30/7/2153
388,01/7/2153,30/11/2153
389,01/3/2154,30/7/2154
390,01/7/2154,30/11/2154
391,01/3/2155,30/7/2155
392,01/7/2155,30/11/2155
393,01/3/2156,30/7/2156
394,01/7/2156,30/11/2156
395,01/3/2157,30/7/2157
396,01/7/2157,30/11/2157
397,01/3/2158,30/7/2158
398,01/7/2158,30/11/2158
399,01/3/2159,30/7/2159
400,01/7/2159,30/11/2159
401,01/3/2160,30/7/2160
402,01/7/2160,30/11/2160
403,01/3/2161,30/7/2161
404,01/7/2161,30/11/2161
405,01/3/2162,30/7/2162
406,01/7/2162,30/11/2162
407,01/3/2163,30/7/2163
408,01/7/2163,30/11/2163
409,01/3/2164,30/7/2164
410,01/7/2164,30/11/2164
411,01/3/2165,30/7/2165
412,01/7/2165,30/11/2165
413,01/3/2166,30/7/2166
414,01/7/2166,30/11/2166
415,01/3/2167,30/7/2167
416,01/7/2167,30/11/2167
417,01/3/2168,30/7/2168
418,01/7/2168,30/11/2168
419,01/3/2169,30/7/2169
420,01/7/2169,30/11/2169
421,01/3/2170,30/7/2170
422,01/7/2170,30/11/2170
423,01/3/2171,30/7/2171
424,01/7/2171,30/11/2171
425,01/3/2172,30/7/2172
426,01/7/2172,30/11/2172
427,01/3/2173,30/7/2173
428,01/7/2173,30/11/2173
429,01/3/2174,30/7/2174
430,01/7/2174,30/11/2174
431,01/3/2175,30/7/2175
432,01/7/2175,30/11/2175
433,01/3/2176,30/7/2176
434,01/7/2176,30/11/2176
435,01/3/2177,30/7/2177
436,01/7/2177,30/11/2177
437,01/3/2178,30/7/2178
438,01/7/2178,30/11/2178
439,01/3/2179,30/7/2179
440,01/7/2179,30/11/2179
441,01/3/2180,30/7/2180
442,01/7/2180,30/11/2180
443,01/3/2181,30/7/2181
444,01/7/2181,30/11/2181
445,01/3/2182,30/7/2182
446,01/7/2182,30/11/2182
447,01/3/2183,30/7/2183
448,01/7/2183,30/11/2183
449,01/3/2184,30/7/2184
450,01/7/2184,30/11/2184
451,01/3/2185,30/7/2185
452,01/7/2185,30/11/2185
453,01/3/2186,30/7/2186
454,01/7/2186,30/11/2186
455,01/3/2187,30/7/2187
456,01/7/2187,30/11/2187
457,01/3/2188,30/7/2188
458,01/7/2188,30/11/2188
459,01/3/2189,30/7/2189
460,01/7/2189,30/11/2189
461,01/3/2190,30/7/2190
462,01/7/2190,30/11/2190
463,01/3/2191,30/7/2191
464,01/7/2191,30/11/2191
465,01/3/2192,30/7/2192
466,01/7/2192,30/11/2192
467,01/3/2193,30/7/2193
468,01/7/2193,30/11/2193
469,01/3/2194,30/7/2194
470,01/7/2194,30/11/2194
471,01/3/2195,30/7/2195
472,01/7/2195,30/11/2195
473,01/3/2196,30/7/2196
474,01/7/2196,30/11/2196
475,01/3/2197,30/7/2197
476,01/7/2197,30/11/2197
477,01/3/2198,30/7/2198
478,01/7/2198,30/11/2198
479,01/3/2199,30/7/2199
480,01/7/2199,30/11/2199
481,01/3/2200,30/7/2200
482,01/7/2200,30/11/2200
483,01/3/2201,30/7/2201
484,01/7/2201,30/11/2201
485,01/3/2202,30/7/2202
486,01/7/2202,30/11/2202
487,01/3/2203,30/7/2203
488,01/7/2203,30/11/2203
489,01/3/2204,30/7/2204
490,01/7/2204,30/11/2204
491,01/3/2205,30/7/2205
492,01/7/2205,30/11/2205
493,01/3/2206,30/7/2206
494,01/7/2206,30/11/2206
495,01/3/2207,30/7/2207
496,01/7/2207,30/11/2207
497,01/3/2208,30/7/2208
498,01/7/2208,30/11/2208
499,01/3/2209,30/7/2209
500,01/7/2209,30/11/2209
501,01/3/2210,30/7/2210
502,01/7/2210,30/11/2210
503,01/3/2211,30/7/2211
504,01/7/2211,30/11/2211
505,01/3/2212,30/7/2212
506,01/7/2212,30/11/2212
507,01/3/2213,30/7/2213
508,01/7/2213,30/11/2213
509,01/3/2214,30/7/2214
510,01/7/2214,30/11/2214
511,01/3/2215,30/7/2215
512,01/7/2215,30/11/2215
513,01/3/2216,30/7/2216
514,01/7/2216,30/11/2216
515,01/3/2217,30/7/2217
516,01/7/2217,30/11/2217
517,01/3/2218,30/7/2218
518,01/7/2218,30/11/2218
519,01/3/2219,30/7/2219
520,01/7/2219,30/11/2219
521,01/3/2220,30/7/2220
522,01/7/2220,30/11/2220
523,01/3/2221,30/7/2221
524,01/7/2221,30/11/2221
525,01/3/2222,30/7/2222
526,01/7/2222,30/11/2222
527,01/3/2223,30/7/2223
528,01/7/2223,30/11/2223
529,01/3/2224,30/7/2224
530,01/7/2224,30/11/2224
531,01/3/2225,30/7/2225
532,01/7/2225,30/11/2225
533,01/3/2226,30/7/2226
534,01/7/2226,30/11/2226
535,01/3/2227,30/7/2227
536,01/7/2227,30/11/2227
537,01/3/2228,30/7/2228
538,01/7/2228,30/11/2228
539,01/3/2229,30/7/2229
540,01/7/2229,30/11/2229
541,01/3/2230,30/7/2230
542,01/7/2230,30/11/2230
543,01/3/2231,30/7/2231
544,01/7/2231,30/11/2231
545,01/3/2232,30/7/2232
546,01/7/2232,30/11/2232
547,01/3/2233,30/7/2233
548,01/7/2233,30/11/2233
549,01/3/2234,30/7/2234
550,01/7/2234,30/11/2234
551,01/3/2235,30/7/2235
552,01/7/2235,30/11/2235
553,01/3/2236,30/7/2236
554,01/7/2236,30/11/2236
555,01/3/2237,30/7/2237
556,01/7/2237,30/11/2237
557,01/3/2238,30/7/2238
558,01/7/2238,30/11/2238
559,01/3/2239,30/7/2239
560,01/7/2239,30/11/2239
561,01/3/2240,30/7/2240
562,01/7/2240,30/11/2240
563,01/3/2241,30/7/2241
564,01/7/2241,30/11/2241
565,01/3/2242,30/7/2242
566,01/7/2242,30/11/2242
567,01/3/2243,30/7/2243
568,01/7/2243,30/11/2243
569,01/3/2244,30/7/2244
570,01/7/2244,30/11/2244
571,01/3/2245,30/7/2245
572,01/7/2245,30/11/2245
573,01/3/2246,30/7/2246
574,01/7/2246,30/11/2246
575,01/3/2247,30/7/2247
576,01/7/2247,30/11/2247
577,01/3/2248,30/7/2248
578,01/7/2248,30/11/2248
579,01/3/2249,30/7/2249
580,01/7/2249,30/11/2249
581,01/3/2250,30/7/2250
582,01/7/2250,30/11/2250
583,01/3/2251,30/7/2251
584,01/7/2251,30/11/2251
585,01/3/2252,30/7/2252
586,01/7/2252,30/11/2252
587,01/3/2253,30/7/2253
588,01/7/2253,30/11/2253
589,01/3/2254,30/7/2254
590,01/7/2254,30/11/2254
591,01/3/2255,30/7/2255
592,01/7/2255,30/11/2255
593,01/3/2256,30/7/2256
594,01/7/2256,30/11/2256
595,01/3/2257,30/7/2257
596,01/7/2257,30/11/2257
597,01/3/2258,30/7/2258
598,01/7/2258,30/11/2258
599,01/3/2259,30/7/2259
600,01/7/2259,30/11/2259
601,01/3/2260,30/7/2260
602,01/7/2260,30/11/2260
603,01/3/2261,30/7/2261
604,01/7/2261,30/11/2261
605,01/3/2262,30/7/2262
606,01/7/2262,30/11/2262
607,01/3/2263,30/7/2263
608,01/7/2263,30/11/2263
609,01/3/2264,30/7/2264
610,01/7/2264,30/11/2264
611,01/3/2265,30/7/2265
612,01/7/2265,30/11/2265
613,01/3/2266,30/7/2266
614,01/7/2266,30/11/2266
615,01/3/2267,30/7/2267
616,01/7/2267,30/11/2267
617,01/3/2268,30/7/2268
618,01/7/2268,30/11/2268
619,01/3/2269,30/7/2269
620,01/7/2269,30/11/2269
621,01/3/2270,30/7/2270
622,01/7/2270,30/11/2270
623,01/3/2271,30/7/2271
624,01/7/2271,30/11/2271
625,01/3/2272,30/7/2272
626,01/7/2272,30/11/2272
627,01/3/2273,30/7/2273
628,01/7/2273,30/11/2273
629,01/3/2274,30/7/2274
630,01/7/2274,30/11/2274
631,01/3/2275,30/7/2275
632,01/7/2275,30/11/2275
633,01/3/2276,30/7/2276
634,01/7/2276,30/11/2276
635,01/3/2277,30/7/2277
636,01/7/2277,30/11/2277
637,01/3/2278,30/7/2278
638,01/7/2278,30/11/2278
639,01/3/2279,30/7/2279
640,01/7/2279,30/11/2279
641,01/3/2280,30/7/2280
642,01/7/2280,30/11/2280
643,01/3/2281,30/7/2281
644,01/7/2281,30/11/2281
645,01/3/2282,30/7/2282
646,01/7/2282,30/11/2282
647,01/3/2283,30/7/2283
648,01/7/2283,30/11/2283
649,01/3/2284,30/7/2284
650,01/7/2284,30/11/2284
651,01/3/2285,30/7/2285
652,01/7/2285,30/11/2285
653,01/3/2286,30/7/2286
654,01/7/2286,30/11/2286
655,01/3/2287,30/7/2287
656,01/7/2287,30/11/2287
657,01/3/2288,30/7/2288
658,01/7/2288,30/11/2288
659,01/3/2289,30/7/2289
660,01/7/2289,30/11/2289
661,01/3/2290,30/7/2290
662,01/7/2290,30/11/2290
663,01/3/2291,30/7/2291
664,01/7/2291,30/11/2291
665,01/3/2292,30/7/2292
666,01/7/2292,30/11/2292
667,01/3/2293,30/7/2293
668,01/7/2293,30/11/2293
669,01/3/2294,30/7/2294
670,01/7/2294,30/11/2294
671,01/3/2295,30/7/2295
672,01/7/2295,30/11/2295
673,01/3/2296,30/7/2296
674,01/7/2296,30/11/2296
675,01/3/2297,30/7/2297
676,01/7/2297,30/11/2297
677,01/3/2298,30/7/2298
678,01/7/2298,30/11/2298
679,01/3/2299,30/7/2299
680,01/7/2299,30/11/2299
681,01/3/2300,30/7/2300
682,01/7/2300,30/11/2300
683,01/3/2301,30/7/2301
684,01/7/2301,30/11/2301
685,01/3/2302,30/7/2302
686,01/7/2302,30/11/2302
687,01/3/2303,30/7/2303
688,01/7/2303,30/11/2303
689,01/3/2304,30/7/2304
690,01/7/2304,30/11/2304
691,01/3/2305,30/7/2305
692,01/7/2305,30/11/2305
693,01/3/2306,30/7/2306
694,01/7/2306,30/11/2306
695,01/3/2307,30/7/2307
696,01/7/2307,30/11/2307
697,01/3/2308,30/7/2308
698,01/7/2308,30/11/2308
699,01/3/2309,30/7/2309
700,01/7/2309,30/11/2309
701,01/3/2310,30/7/2310
702,01/7/2310,30/11/2310
703,01/3/2311,30/7/2311
704,01/7/2311,30/11/2311
705,01/3/2312,30/7/2312
706,01/7/2312,30/11/2312
707,01/3/2313,30/7/2313
708,01/7/2313,30/11/2313
709,01/3/2314,30/7/2314
710,01/7/2314,30/11/2314
711,01/3/2315,30/7/2315
712,01/7/2315,30/11/2315
713,01/3/2316,30/7/2316
714,01/7/2316,30/11/2316
715,01/3/2317,30/7/2317
716,01/7/2317,30/11/2317
717,01/3/2318,30/7/2318
718,01/7/2318,30/11/2318
719,01/3/2319,30/7/2319
720,01/7/2319,30/11/2319
721,01/3/2320,30/7/2320
722,01/7/2320,30/11/2320
723,01/3/2321,30/7/2321
724,01/7/2321,30/11/2321
725,01/3/2322,30/7/2322
726,01/7/2322,30/11/2322
727,01/3/2323,30/7/2323
728,01/7/2323,30/11/2323
729,01/3/2324,30/7/2324
730,01/7/2324,30/11/2324
731,01/3/2325,30/7/2325
732,01/7/2325,30/11/2325
733,01/3/2326,30/7/2326
734,01/7/2326,30/11/2326
735,01/3/2327,30/7/2327
736,01/7/2327,30/11/2327
737,01/3/2328,30/7/2328
738,01/7/2328,30/11/2328
739,01/3/2329,30/7/2329
740,01/7/2329,30/11/2329
741,01/3/2330,30/7/2330
742,01/7/2330,30/11/2330
743,01/3/2331,30/7/2331
744,01/7/2331,30/11/2331
745,01/3/2332,30/7/2332
746,01/7/2332,30/11/2332
747,01/3/2333,30/7/2333
748,01/7/2333,30/11/2333
749,01/3/2334,30/7/2334
750,01/7/2334,30/11/2334
751,01/3/2335,30/7/2335
752,01/7/2335,30/11/2335
753,01/3/2336,30/7/2336
754,01/7/2336,30/11/2336
755,01/3/2337,30/7/2337
756,01/7/2337,30/11/2337
757,01/3/2338,30/7/2338
758,01/7/2338,30/11/2338
759,01/3/2339,30/7/2339
760,01/7/2339,30/11/2339
761,01/3/2340,30/7/2340
762,01/7/2340,30/11/2340
763,01/3/2341,30/7/2341
764,01/7/2341,30/11/2341
765,01/3/2342,30/7/2342
766,01/7/2342,30/11/2342
767,01/3/2343,30/7/2343
768,01/7/2343,30/11/2343
769,01/3/2344,30/7/2344
770,01/7/2344,30/11/2344
771,01/3/2345,30/7/2345
772,01/7/2345,30/11/2345
773,01/3/2346,30/7/2346
774,01/7/2346,30/11/2346
775,01/3/2347,30/7/2347
776,01/7/2347,30/11/2347
777,01/3/2348,30/7/2348
778,01/7/2348,30/11/2348
779,01/3/2349,30/7/2349
780,01/7/2349,30/11/2349
781,01/3/2350,30/7/2350
782,01/7/2350,30/11/2350
783,01/3/2351,30/7/2351
784,01/7/2351,30/11/2351
785,01/3/2352,30/7/2352
786,01/7/2352,30/11/2352
787,01/3/2353,30/7/2353
788,01/7/2353,30/11/2353
789,01/3/2354,30/7/2354
790,01/7/2354,30/11/2354
791,01/3/2355,30/7/2355
792,01/7/2355,30/11/2355
793,01/3/2356,30/7/2356
794,01/7/2356,30/11/2356
795,01/3/2357,30/7/2357
796,01/7/2357,30/11/2357
797,01/3/2358,30/7/2358
798,01/7/2358,30/11/2358
799,01/3/2359,30/7/2359
800,01/7/2359,30/11/2359
801,01/3/2360,30/7/2360
802,01/7/2360,30/11/2360
803,01/3/2361,30/7/2361
804,01/7/2361,30/11/2361
805,01/3/2362,30/7/2362
806,01/7/2362,30/11/2362
807,01/3/2363,30/7/2363
808,01/7/2363,30/11/2363
809,01/3/2364,30/7/2364
810,01/7/2364,30/11/2364
811,01/3/2365,30/7/2365
812,01/7/2365,30/11/2365
813,01/3/2366,30/7/2366
814,01/7/2366,30/11/2366
815,01/3/2367,30/7/2367
816,01/7/2367,30/11/2367
817,01/3/2368,30/7/2368
818,01/7/2368,30/11/2368
819,01/3/2369,30/7/2369
820,01/7/2369,30/11/2369
821,01/3/2370,30/7/2370
822,01/7/2370,30/11/2370
823,01/3/2371,30/7/2371
824,01/7/2371,30/11/2371
825,01/3/2372,30/7/2372
826,01/7/2372,30/11/2372
827,01/3/2373,30/7/2373
828,01/7/2373,30/11/2373
829,01/3/2374,30/7/2374
830,01/7/2374,30/11/2374
831,01/3/2375,30/7/2375
832,01/7/2375,30/11/2375
833,01/3/2376,30/7/2376
834,01/7/2376,30/11/2376
835,01/3/2377,30/7/2377
836,01/7/2377,30/11/2377
837,01/3/2378,30/7/2378
838,01/7/2378,30/11/2378
839,01/3/2379,30/7/2379
840,01/7/2379,30/11/2379
841,01/3/2380,30/7/2380
842,01/7/2380,30/11/2380
843,01/3/2381,30/7/2381
844,01/7/2381,30/11/2381
845,01/3/2382,30/7/2382
846,01/7/2382,30/11/2382
847,01/3/2383,30/7/2383
848,01/7/2383,30/11/2383
849,01/3/2384,30/7/2384
850,01/7/2384,30/11/2384
851,01/3/2385,30/7/2385
852,01/7/2385,30/11/2385
853,01/3/2386,30/7/2386
854,01/7/2386,30/11/2386
855,01/3/2387,30/7/2387
856,01/7/2387,30/11/2387
857,01/3/2388,30/7/2388
858,01/7/2388,30/11/2388
859,01/3/2389,30/7/2389
860,01/7/2389,30/11/2389
861,01/3/2390,30/7/2390
862,01/7/2390,30/11/2390
863,01/3/2391,30/7/2391
864,01/7/2391,30/11/2391
865,01/3/2392,30/7/2392
866,01/7/2392,30/11/2392
867,01/3/2393,30/7/2393
868,01/7/2393,30/11/2393
869,01/3/2394,30/7/2394
870,01/7/2394,30/11/2394
871,01/3/2395,30/7/2395
872,01/7/2395,30/11/2395
873,01/3/2396,30/7/2396
874,01/7/2396,30/11/2396
875,01/3/2397,30/7/2397
876,01/7/2397,30/11/2397
877,01/3/2398,30/7/2398
878,01/7/2398,30/11/2398
879,01/3/2399,30/7/2399
880,01/7/2399,30/11/2399
881,01/3/2400,30/7/2400
882,01/7/2400,30/11/2400
883,01/3/2401,30/7/2401
884,01/7/2401,30/11/2401
885,01/3/2402,30/7/2402
886,01/7/2402,30/11/2402
887,01/3/2403,30/7/2403
888,01/7/2403,30/11/2403
889,01/3/2404,30/7/2404
890,01/7/2404,30/11/2404
891,01/3/2405,30/7/2405
892,01/7/2405,30/11/2405
893,01/3/2406,30/7/2406
894,01/7/2406,30/11/2406
895,01/3/2407,30/7/2407
896,01/7/2407,30/11/2407
897,01/3/2408,30/7/2408
898,01/7/2408,30/11/2408
899,01/3/2409,30/7/2409
900,01/7/2409,30/11/2409
901,01/3/2410,30/7/2410
902,01/7/2410,30/11/2410
903,01/3/2411,30/7/2411
904,01/7/2411,30/11/2411
905,01/3/2412,30/7/2412
906,01/7/2412,30/11/2412
907,01/3/2413,30/7/2413
908,01/7/2413,30/11/2413
909,01/3/2414,30/7/2414
910,01/7/2414,30/11/2414
911,01/3/2415,30/7/2415
912,01/7/2415,30/11/2415
913,01/3/2416,30/7/2416
914,01/7/2416,30/11/2416
915,01/3/2417,30/7/2417
916,01/7/2417,30/11/2417
917,01/3/2418,30/7/2418
918,01/7/2418,30/11/2418
919,01/3/2419,30/7/2419
920,01/7/2419,30/11/2419
921,01/3/2420,30/7/2420
922,01/7/2420,30/11/2420
923,01/3/2421,30/7/2421
924,01/7/2421,30/11/2421
925,01/3/2422,30/7/2422
926,01/7/2422,30/11/2422
927,01/3/2423,30/7/2423
928,01/7/2423,30/11/2423
929,01/3/2424,30/7/2424
930,01/7/2424,30/11/2424
931,01/3/2425,30/7/2425
932,01/7/2425,30/11/2425
933,01/3/2426,30/7/2426
934,01/7/2426,30/11/2426
935,01/3/2427,30/7/2427
936,01/7/2427,30/11/2427
937,01/3/2428,30/7/2428
938,01/7/2428,30/11/2428
939,01/3/2429,30/7/2429
940,01/7/2429,30/11/2429
941,01/3/2430,30/7/2430
942,01/7/2430,30/11/2430
943,01/3/2431,30/7/2431
944,01/7/2431,30/11/2431
945,01/3/2432,30/7/2432
946,01/7/2432,30/11/2432
947,01/3/2433,30/7/2433
948,01/7/2433,30/11/2433
949,01/3/2434,30/7/2434
950,01/7/2434,30/11/2434
951,01/3/2435,30/7/2435
952,01/7/2435,30/11/2435
953,01/3/2436,30/7/2436
954,01/7/2436,30/11/2436
955,01/3/2437,30/7/2437
956,01/7/2437,30/11/2437
957,01/3/2438,30/7/2438
958,01/7/2438,30/11/2438
959,01/3/2439,30/7/2439
960,01/7/2439,30/11/2439
961,01/3/2440,30/7/2440
962,01/7/2440,30/11/2440
963,01/3/2441,30/7/2441
964,01/7/2441,30/11/2441
965,01/3/2442,30/7/2442
966,01/7/2442,30/11/2442
967,01/3/2443,30/7/2443
968,01/7/2443,30/11/2443
969,01/3/2444,30/7/2444
970,01/7/2444,30/11/2444
971,01/3/2445,30/7/2445
972,01/7/2445,30/11/2445
973,01/3/2446,30/7/2446
974,01/7/2446,30/11/2446
975,01/3/2447,30/7/2447
976,01/7/2447,30/11/2447
977,01/3/2448,30/7/2448
978,01/7/2448,30/11/2448
979,01/3/2449,30/7/2449
980,01/7/2449,30/11/2449
981,01/3/2450,30/7/2450
982,01/7/2450,30/11/2450
983,01/3/2451,30/7/2451
984,01/7/2451,30/11/2451
985,01/3/2452,30/7/2452
986,01/7/2452,30/11/2452
987,01/3/2453,30/7/2453
988,01/7/2453,30/11/2453
989,01/3/2454,30/7/2454
990,01/7/2454,30/11/2454
991,01/3/2455,30/7/2455
992,01/7/2455,30/11/2455
993,01/3/2456,30/7/2456
994,01/7/2456,30/11/2456
995,01/3/2457,30/7/2457
996,01/7/2457,30/11/2457
997,01/3/2458,30/7/2458
998,01/7/2458,30/11/2458
999,01/3/2459,30/7/2459
