VJJ173,1
BCT250,2
JQQ151,3
WTL111,4
APZ165,5
OWE118,6
VPB291,7
HTG237,8
IVG188,9
GQR270,10
BEW218,11
JBQ234,12
HGE180,13
ZZU163,14
XYT180,15
PNX172,16
AVN170,17
VSS134,18
XHF215,19
OIK128,20
LKE163,21
LCS100,22
CTX240,23
MNY283,24
GSS150,25
SGD192,26
OAU255,27
AGD267,28
QIB182,29
GNH108,30
YZG155,31
LCS237,32
TYN176,33
NDP204,34
WSA136,35
PCY144,36
IVW265,37
MWO182,38
ZZE222,39
YAD292,40
VDF189,41
IHI145,42
ENN154,43
ELK227,44
AVN170,45
OMQ183,46
DBN195,47
JHQ158,48
YKH296,49
TYM187,50
XHU115,51
UHO173,52
TAF266,53
CDK219,54
WJQ261,55
XAD204,56
KCQ205,57
HIZ160,58
SRD264,59
CSK221,60
ENN154,61
QUS193,62
VWS127,63
GQR270,64
MRT235,65
BBB279,66
IHX213,67
YCU130,68
STU226,69
YLX127,70
PSI225,71
YLO123,72
YFB121,73
WWE180,74
NGT226,75
GHN258,76
HQH289,77
TSL179,78
PEZ228,79
UUU290,80
QIB182,81
JTZ125,82
ZZE222,83
BEV220,84
LUM100,85
YLO123,86
JIJ289,87
RGX276,88
GRQ189,89
OMQ183,90
FGY109,91
ZVQ169,92
CKK213,93
KVZ127,94
VMF195,95
CGD130,96
UUK207,97
ZSU188,98
JJS295,99
UME104,100
OQP278,101
YTT221,102
OWA225,103
APZ165,104
SHU183,105
KZG221,106
VLK100,107
ROV182,108
BUC252,109
FNR218,110
RST267,111
IIC229,112
FRO281,113
PBV261,114
EMZ201,115
SJU112,116
HXK236,117
OAU255,118
OQP278,119
VDZ164,120
IPB247,121
NMH162,122
HSV262,123
VRC158,124
LQD270,125
GOV204,126
OVW120,127
BRA135,128
XJF111,129
ANB110,130
CBW180,131
BPS177,132
CQX134,133
PMU221,134
ATX260,135
EHT216,136
HVO232,137
YQQ299,138
DDG189,139
MPN298,140
IIX242,141
WYH275,142
HVO232,143
YLL232,144
EKI111,145
ZLJ154,146
VYV185,147
NMF216,148
CYF213,149
NZJ101,150
WQK181,151
BIZ241,152
FMQ151,153
RMH120,154
PAL180,155
MWO182,156
RLH201,157
GSW152,158
HDM151,159
QEM255,160
QKD195,161
ZRF140,162
CGB248,163
HQH289,164
PJB132,165
AEM119,166
DMB111,167
ADB211,168
MKO101,169
ETT208,170
UPF133,171
GRX259,172
YLS167,173
FIP178,174
MFR212,175
VYC142,176
WET252,177
BPS177,178
WRQ141,179
UME104,180
ZYY205,181
EHW167,182
UDC251,183
HRE285,184
QMN193,185
SJU112,186
MQU207,187
OKX196,188
CHJ246,189
HZU238,190
BSZ219,191
XHF215,192
FNF151,193
VHZ113,194
LOK293,195
ROZ140,196
DZO179,197
MSC202,198
EKY258,199
MOR140,200
CKK202,201
ANP208,202
QHA141,203
CQQ287,204
IJZ161,205
XQN220,206
JRN114,207
DDG189,208
XTA255,209
KHD297,210
RXC174,211
LCJ177,212
ERU176,213
GAN247,214
UDF244,215
HSG275,216
XZU188,217
YAI143,218
JEQ122,219
MOR140,220
PWB213,221
ANB110,222
BVS276,223
ZDZ132,224
YYA280,225
IIC229,226
VMJ181,227
ZKC204,228
KKA140,229
PRO142,230
FHS247,231
HAV233,232
PWB213,233
CYF213,234
WZO102,235
QLT206,236
BBB279,237
TTJ219,238
RWY297,239
YLL232,240
OMQ183,241
KGU148,242
ANP208,243
FYR231,244
RJK261,245
QUS193,246
LLS289,247
EIY233,248
FHQ276,249
LDU177,250
WQK181,251
VSS274,252
DSJ100,253
ZBX241,254
HPQ291,255
SFV187,256
YAI143,257
MUQ217,258
YPZ273,259
WEP151,260
HBY282,261
LKV188,262
PSK174,263
CGB248,264
EYT165,265
QZH137,266
CAM177,267
CFV157,268
HMH278,269
PFX263,270
PHD168,271
VEE264,272
YOM158,273
OIT211,274
QGV239,275
PHG281,276
CQQ287,277
VOX104,278
VWS127,279
CMD284,280
RSY204,281
UUX110,282
WEP151,283
GGF195,284
ANP208,285
MSE244,286
QLT206,287
CHR100,288
ZPN123,289
MFM169,290
ORH200,291
FRC184,292
XZZ258,293
VVH271,294
JWL290,295
WXB184,296
WXB184,297
MNA235,298
OBF139,299
GJG174,300
HGE180,301
WJM192,302
YLS167,303
WJQ261,304
WRQ141,305
ADW117,306
TPB200,307
DIX110,308
SAT266,309
KWK258,310
EKI111,311
LCS237,312
KVZ127,313
PRO142,314
NGI106,315
CQX134,316
MNZ153,317
KHW215,318
DLO181,319
BLG261,320
ZFC102,321
RMV151,322
KYP167,323
AHB258,324
RRF217,325
HAG190,326
BGT256,327
LDL160,328
SEU225,329
PKQ169,330
QCE126,331
VHX150,332
YKH296,333
CHR100,334
SWT181,335
DDG189,336
BXI256,337
CKO245,338
CQX134,339
UHA217,340
GGU142,341
UNH168,342
MFM169,343
NHE101,344
OTA279,345
CSK132,346
KMS286,347
KWK258,348
ZOI284,349
OZI129,350
RGF259,351
SEU225,352
HXD192,353
FIN148,354
YGK234,355
ZZE222,356
VSN165,357
TKW246,358
QGT243,359
MQY285,360
FWP298,361
QGV239,362
WYH275,363
GPB182,364
TCS143,365
QRH162,366
NUA150,367
YXA298,368
HAV233,369
UUX110,370
YLO155,371
GLQ162,372
EPI199,373
WPK276,374
TFM139,375
ESO173,376
AEP259,377
FKQ252,378
KPW121,379
SGD192,380
DRD131,381
BUC252,382
THR195,383
BFU183,384
SKX130,385
YUK169,386
UYM203,387
GQC286,388
AMO137,389
JZH221,390
GOF278,391
ZDG147,392
QEM255,393
PPQ288,394
VFZ268,395
GOV204,396
VYV290,397
OKX168,398
LES101,399
JID159,400
SHU183,401
VWS127,402
AST231,403
VHX150,404
WBU280,405
PIM144,406
ANP208,407
GJG174,408
VZU134,409
SDR150,410
JLF271,411
ELK227,412
IIX242,413
DVS252,414
KEY217,415
GSS150,416
NGI106,417
GNH108,418
YZH101,419
EUT264,420
HPQ291,421
PIM144,422
TWK182,423
ZPN123,424
KXH250,425
CHZ156,426
OIT211,427
LUM100,428
TYC123,429
MMH133,430
MNZ153,431
UPF133,432
JRN114,433
LXG149,434
QCE126,435
PPT139,436
UAO157,437
GKD223,438
SMD179,439
CHJ246,440
YUC116,441
RGF259,442
YVY199,443
IUM243,444
BEW218,445
NPQ204,446
CSK132,447
SRL135,448
VHX150,449
KGA291,450
MWC178,451
VEN118,452
HGM238,453
FPZ232,454
KFA223,455
EUJ178,456
AHB258,457
UDC251,458
REL288,459
IOU134,460
JYY239,461
OTE237,462
AJY227,463
ZUN133,464
XZU188,465
RSK179,466
MDW218,467
KKA140,468
LCS100,469
OII217,470
JRV153,471
EUT264,472
IVW261,473
WEP151,474
FYR231,475
ZXG130,476
DVW256,477
LKV188,478
SGD192,479
PPA297,480
UWT132,481
ROZ140,482
AVX252,483
PHD168,484
JGJ276,485
OWT294,486
KXH224,487
GSJ288,488
DRP205,489
DQQ236,490
FEW220,491
CCW143,492
ESW278,493
RNP214,494
IVW265,495
ODM200,496
XAD204,497
OKX196,498
LIL288,499
FNF151,500
DNN275,501
VXE121,502
CIA256,503
SKX130,504
IOP207,505
XMJ148,506
UHA217,507
AUB135,508
XYP252,509
XYP187,510
BZJ165,511
FIN148,512
SQQ246,513
FHQ276,514
NGT226,515
EPI255,516
AYY133,517
LRX154,518
PSI225,519
WKO217,520
GHR138,521
USO130,522
GCP214,523
RNP214,524
PJB132,525
YHB285,526
KJA101,527
YZN191,528
DAL217,529
YLX127,530
KWN188,531
UKG250,532
BFU183,533
BRA135,534
EFQ171,535
MNZ153,536
AES252,537
SIK243,538
GPB182,539
GRQ189,540
HDU296,541
CKK213,542
VDZ164,543
ITY218,544
JUB268,545
DIX110,546
DRM288,547
KHM198,548
SRW103,549
GOF278,550
TJJ131,551
VSO161,552
DRU282,553
DBA279,554
YZN191,555
FRO281,556
GHN258,557
RMV151,558
EHW167,559
KYP167,560
FRC184,561
FBU155,562
UCA228,563
NPQ204,564
CBU269,565
FSW119,566
QVD116,567
VSS274,568
LDV128,569
NER186,570
HVJ269,571
ZXG130,572
FNF151,573
TYN176,574
YTT221,575
CXW148,576
LUM100,577
QIO272,578
QTT194,579
FBU155,580
RBO217,581
TWP150,582
VDF189,583
VZU134,584
PCY144,585
PXD178,586
AHA256,587
EOD286,588
EBE221,589
JWL290,590
ZYY205,591
QMW269,592
ENC175,593
JLO155,594
ZTH271,595
QVS245,596
VLC250,597
BFO181,598
MFR212,599
VWH237,600
XYP252,601
NMF216,602
LJH243,603
SEU225,604
NPQ204,605
ERY230,606
RIJ110,607
HAG190,608
YMY256,609
NCA247,610
XAD204,611
WJQ261,612
QCJ168,613
IIF120,614
MQU207,615
EFJ210,616
AFD110,617
VPB291,618
RMV151,619
EFJ210,620
GHC235,621
POC279,622
BUC252,623
MJO225,624
LIL288,625
NUA150,626
CQW103,627
KJA101,628
YQQ299,629
WET252,630
GYW118,631
CVP291,632
YGH122,633
IXM248,634
AXK106,635
IIC229,636
VEN118,637
FMD104,638
WTL111,639
UME104,640
LCS237,641
UUX110,642
HRE285,643
IHX213,644
QYY196,645
IOW243,646
ZZE222,647
FRC184,648
YAD292,649
QSK264,650
LCS237,651
ZJU103,652
MOR140,653
ADW117,654
EMF144,655
PBW123,656
HIQ194,657
GQC286,658
ZXK191,659
ESO173,660
VTQ290,661
PEZ228,662
GFF293,663
KME260,664
CHZ156,665
ESO173,666
CAM177,667
VID184,668
YLX127,669
RGF259,670
BRK253,671
ZNA116,672
UKG250,673
DZO179,674
ZGT186,675
DYC275,676
RVP162,677
KCK100,678
KFF249,679
NZJ101,680
EPF250,681
XYT180,682
CAQ169,683
CYF213,684
ZNA116,685
QGV239,686
BED288,687
XHW267,688
WPK276,689
CVJ145,690
YNU198,691
XQN220,692
IXD171,693
OMQ183,694
ZTI122,695
BNP244,696
QUI140,697
EOG162,698
PIM144,699
RNP214,700
ZXK191,701
CEA287,702
DRY148,703
YVN136,704
MGS144,705
HPJ130,706
VMT268,707
SGL257,708
CKK202,709
TAF266,710
DMR225,711
ZLM134,712
BRA135,713
RKU129,714
OJT250,715
PHG281,716
DSJ100,717
IEG185,718
IVW261,719
EOJ123,720
ZDZ132,721
KEX192,722
AHB258,723
PNX172,724
JLF271,725
LYT293,726
DFN257,727
EPI199,728
BUC252,729
DBN195,730
FMQ180,731
HUX274,732
SQK186,733
AEM119,734
DIE185,735
TWK110,736
YZN191,737
TYC123,738
NGI106,739
CSB295,740
CQX134,741
ORH200,742
BXB265,743
KCI122,744
SJU112,745
GLQ162,746
OGX231,747
FHX297,748
BEW218,749
QIO272,750
EKB284,751
EPI255,752
CVJ145,753
OFE170,754
JTZ125,755
SZJ289,756
SQW145,757
ITM296,758
PIM144,759
WLG255,760
MGS144,761
QZZ188,762
XJF111,763
XJF111,764
TWP150,765
HQT184,766
KJA101,767
EHQ109,768
AXK106,769
TWP150,770
SDR150,771
DMR225,772
NGQ202,773
NHF299,774
JQJ216,775
KOQ149,776
GSX209,777
ZKC204,778
LJH243,779
CMD284,780
JID159,781
WKO217,782
BUC252,783
UKG250,784
IVW261,785
PEZ228,786
JMJ227,787
UYI289,788
QMW269,789
WPQ188,790
CZW258,791
NUV153,792
LWN155,793
ZFC102,794
JZH221,795
CAM177,796
CZH234,797
IEG185,798
NWW187,799
MJO225,800
RYC279,801
OYY167,802
SQK186,803
DHZ185,804
KQT139,805
KFF249,806
BBB279,807
JEQ122,808
LHJ172,809
PRO142,810
IIU276,811
ZXG130,812
PPT139,813
UCA228,814
CLN251,815
OOL130,816
UUX110,817
NUA150,818
SUJ279,819
HDM151,820
DLO181,821
AES252,822
GRQ189,823
HBY282,824
LMB281,825
YLO155,826
JGP175,827
RGX276,828
DNJ167,829
USL277,830
IJI250,831
USQ145,832
JGP282,833
RKS270,834
IHI145,835
PZT159,836
IJG117,837
BHM126,838
TVL161,839
QFK270,840
XMJ148,841
ETT208,842
XHW275,843
PZT159,844
BES135,845
WPL286,846
IGW162,847
HCH189,848
JSZ288,849
RXP232,850
TNZ188,851
ZZU163,852
CJQ108,853
EKI111,854
PDG204,855
TNZ188,856
AVN170,857
JMJ227,858
BES135,859
VYV185,860
QSY104,861
QUI140,862
POI220,863
PKQ169,864
EQI181,865
YLS167,866
BEV220,867
QXO223,868
CQU208,869
JQJ216,870
XXT116,871
QDT248,872
WRQ141,873
JQJ216,874
LMB281,875
MSC202,876
SRW103,877
EKY258,878
TKT249,879
JUB268,880
IEG185,881
YAI143,882
JML185,883
JMJ227,884
XCV134,885
OZE103,886
IEG185,887
TWK110,888
CVP291,889
ZPU156,890
AGS147,891
QMN193,892
POO238,893
AYY133,894
AMO137,895
GCN139,896
AOD295,897
POI220,898
LIL288,899
FIJ172,900
UQY127,901
NUZ192,902
SDK218,903
BFU183,904
WYO228,905
EBE223,906
USQ145,907
PZT159,908
CWQ137,909
RSK179,910
RNP214,911
AVN170,912
JGP175,913
FHS247,914
RMH120,915
FGY109,916
DKZ281,917
ZYY205,918
VBK224,919
ZPN123,920
UHO173,921
BVB116,922
ABP299,923
WKO217,924
MQU207,925
PWB213,926
EOD286,927
UPF133,928
FIU126,929
DHZ185,930
CLN251,931
PWZ178,932
WJQ261,933
BBB213,934
HBY282,935
CVP291,936
PPA297,937
XSK168,938
AHB258,939
OUE242,940
KWK258,941
FRC184,942
EHW167,943
PBW123,944
ATR260,945
AOJ237,946
GHR138,947
MVL261,948
RXC174,949
NPQ204,950
ATR260,951
BLG261,952
CMD234,953
YLL232,954
KUX169,955
SMK238,956
GPB182,957
GGU142,958
BRH140,959
YQQ299,960
EBC241,961
JGP175,962
USO130,963
KWK258,964
WAN107,965
ENC175,966
VEN118,967
AYG132,968
ZLM134,969
CVP291,970
ZVQ169,971
YSO202,972
NUA150,973
QHK179,974
OTE237,975
ETT208,976
CMD284,977
QXE173,978
BNP244,979
WRJ123,980
BVB116,981
SJU112,982
STC261,983
PRO142,984
HRA238,985
NCA247,986
PIM144,987
DFN257,988
OZI129,989
CPU169,990
TWK110,991
SIH135,992
ZTH271,993
RYC279,994
YVN136,995
JUB268,996
GQR270,997
DNJ167,998
HVO232,999
KEX192,1000
