790;Sala 135;12;YQH134;11:00;193372059;1
863;Sala 331;36;TBQ144;13:00;155044608;2
657;Sala 117;17;FMW150;16:00;122517570;3
216;Sala 263;58;DTH112;9:00;121414144;4
308;Sala 363;25;JWJ207;8:00;190724186;5
808;Sala 326;10;NBO163;9:00;169763284;6
489;Sala 188;68;TNE232;16:00;107951613;7
431;Sala 225;13;IER151;14:00;123507288;8
223;Sala 146;60;SPV125;15:00;111788624;9
238;Sala 267;15;HCX117;13:00;197492526;10
438;Sala 164;7;HFC169;16:00;186135665;11
16;Sala 157;56;ENQ157;7:00;168372200;12
29;Sala 237;36;LFP230;14:00;183981538;13
616;Sala 269;49;UZH288;14:00;156343813;14
266;Sala 153;7;NRD223;9:00;115417248;15
885;Sala 356;12;EOE177;16:00;117284944;16
159;Sala 348;5;MIW205;9:00;145125445;17
599;Sala 163;3;JRY290;12:00;171918496;18
642;Sala 124;66;TRL177;8:00;108120824;19
311;Sala 117;54;KTN114;9:00;146435343;20
374;Sala 396;46;QAQ273;8:00;107137884;21
164;Sala 292;42;FSH298;8:00;181198430;22
128;Sala 226;15;SBK154;12:00;117168844;23
758;Sala 253;17;CNT118;10:00;158900979;24
582;Sala 279;32;IMZ253;9:00;115815857;25
511;Sala 208;37;XZE269;7:00;161788050;26
72;Sala 290;48;BTQ267;15:00;114206362;27
670;Sala 224;12;WDA175;14:00;143739411;28
418;Sala 189;36;JGR113;9:00;184194548;29
105;Sala 152;16;YRQ167;12:00;142462538;30
808;Sala 163;61;KXX119;16:00;178364731;31
13;Sala 311;52;PVT141;10:00;197208013;32
497;Sala 217;9;JFN238;11:00;199760209;33
789;Sala 221;24;ICM210;8:00;125654203;34
700;Sala 108;14;MOE117;9:00;134008049;35
339;Sala 284;51;OYA138;10:00;117449134;36
273;Sala 244;52;MJD116;11:00;112576891;37
468;Sala 324;6;GNS233;8:00;152620264;38
408;Sala 145;61;SZW279;8:00;182884874;39
665;Sala 364;31;ODU237;13:00;144762501;40
202;Sala 164;50;VXR254;11:00;185589486;41
583;Sala 245;44;TZJ208;10:00;180795369;42
879;Sala 310;63;FQF231;7:00;124559387;43
934;Sala 392;38;JST286;7:00;156682892;44
364;Sala 281;47;QOI292;12:00;146554615;45
240;Sala 152;11;NXU168;9:00;102256444;46
469;Sala 366;13;WLL292;15:00;139251934;47
302;Sala 380;18;KSN220;14:00;134192861;48
947;Sala 144;63;MRJ275;16:00;147841157;49
619;Sala 292;30;SIJ166;11:00;190054388;50
657;Sala 259;39;VLO210;7:00;150475140;51
861;Sala 100;70;IZP283;10:00;199182840;52
571;Sala 380;44;GUT280;12:00;159314692;53
297;Sala 279;32;OFL244;8:00;137669965;54
134;Sala 283;25;EDE135;7:00;142095311;55
147;Sala 273;10;UGW282;10:00;175009645;56
943;Sala 213;10;TIY141;14:00;130146884;57
943;Sala 222;28;ULE271;15:00;101373425;58
866;Sala 265;17;YYX145;9:00;134562513;59
664;Sala 307;69;FDJ218;10:00;150990745;60
231;Sala 385;28;HVC285;10:00;120909379;61
93;Sala 250;21;EOM256;15:00;194924007;62
406;Sala 289;39;MSH110;11:00;125928261;63
322;Sala 390;55;IIJ235;13:00;163690375;64
906;Sala 253;47;YAZ234;16:00;149845812;65
977;Sala 178;63;HGU114;12:00;112789764;66
168;Sala 365;42;MJD116;12:00;124974733;67
709;Sala 148;1;MNV214;14:00;116838204;68
168;Sala 269;14;HVC285;12:00;113673382;69
702;Sala 374;40;SAF166;7:00;159419111;70
742;Sala 332;41;TRL177;7:00;125758322;71
180;Sala 216;44;FJM290;7:00;100745036;72
860;Sala 244;25;NKQ142;12:00;143359256;73
295;Sala 124;44;YOG141;16:00;174618196;74
877;Sala 256;57;YFO234;12:00;145773072;75
654;Sala 208;19;CSO132;7:00;164416288;76
192;Sala 187;42;LCT126;10:00;185050611;77
633;Sala 314;22;UUS229;14:00;144891272;78
961;Sala 375;14;NDA210;12:00;127430865;79
755;Sala 360;42;WCY262;14:00;187158005;80
506;Sala 234;45;AEZ158;12:00;126597059;81
641;Sala 304;11;TBQ144;11:00;117159779;82
886;Sala 339;60;MWV207;13:00;143991062;83
86;Sala 272;33;BZJ195;9:00;127759547;84
14;Sala 104;22;VFJ121;11:00;161230069;85
442;Sala 270;68;LWH194;7:00;199242073;86
871;Sala 302;4;WWP197;14:00;169630129;87
749;Sala 339;70;QIK103;15:00;140911070;88
517;Sala 151;45;TIM289;7:00;145159720;89
50;Sala 309;22;RYW257;14:00;157348875;90
453;Sala 175;60;SRY115;7:00;183721345;91
728;Sala 127;38;VXB181;14:00;157717574;92
709;Sala 307;54;OKH228;13:00;182326705;93
821;Sala 142;34;RWD240;14:00;129524284;94
67;Sala 115;19;VSL151;10:00;102125965;95
487;Sala 124;18;LYG277;9:00;100515188;96
864;Sala 260;44;NTW260;14:00;105436230;97
675;Sala 258;30;WCA281;16:00;139180596;98
15;Sala 318;10;MUS177;14:00;135141388;99
960;Sala 248;59;LYG277;13:00;135139736;100
818;Sala 293;43;LAS101;9:00;105363839;101
246;Sala 285;30;OUO265;11:00;114724798;102
212;Sala 318;69;OFF288;7:00;135116152;103
480;Sala 161;55;NXC211;10:00;110833494;104
934;Sala 396;48;PSB168;16:00;160316050;105
255;Sala 261;9;TZY248;16:00;191133515;106
471;Sala 301;53;TTN256;7:00;191084437;107
912;Sala 178;1;QFG276;7:00;156590500;108
473;Sala 302;64;PLJ179;8:00;170358010;109
331;Sala 110;36;URU115;10:00;171504701;110
799;Sala 144;55;WYW257;7:00;108310900;111
946;Sala 334;53;OMK101;9:00;140256788;112
722;Sala 120;62;WKQ286;8:00;106905884;113
832;Sala 115;46;FYE131;12:00;106624074;114
185;Sala 123;2;ILR109;13:00;115761551;115
324;Sala 343;31;HKC101;7:00;178946889;116
761;Sala 131;15;DHH281;11:00;140010122;117
748;Sala 298;28;OFP240;16:00;181802083;118
619;Sala 340;4;CNT118;16:00;160593008;119
733;Sala 241;63;FEV188;13:00;162353492;120
766;Sala 170;44;VYL204;16:00;128346000;121
321;Sala 133;25;KUG206;14:00;110329578;122
392;Sala 397;7;PKF265;7:00;199934785;123
454;Sala 130;2;WWE186;12:00;175096518;124
659;Sala 226;57;HHZ132;13:00;129330470;125
90;Sala 152;10;RZP195;14:00;129842742;126
252;Sala 373;51;RYW257;7:00;129468047;127
491;Sala 116;54;PPU116;14:00;196707911;128
997;Sala 150;60;BLE204;11:00;135138198;129
809;Sala 102;53;BSJ211;9:00;104261756;130
465;Sala 356;18;YZE186;11:00;125944002;131
131;Sala 284;32;JNA177;9:00;146646320;132
207;Sala 253;48;EOM256;9:00;132367217;133
741;Sala 272;19;OTK127;15:00;189678003;134
889;Sala 141;45;IHL106;16:00;118126799;135
629;Sala 371;57;MQN292;10:00;138480795;136
776;Sala 296;3;MKW157;9:00;177024225;137
255;Sala 363;48;NPI137;11:00;151826383;138
973;Sala 269;70;HOJ285;15:00;158504193;139
692;Sala 386;59;GAT203;9:00;106748976;140
863;Sala 224;27;BLE204;7:00;116881354;141
165;Sala 368;19;YXZ205;16:00;105278432;142
86;Sala 246;51;AHZ191;12:00;152853096;143
908;Sala 271;60;SVE172;15:00;173035269;144
493;Sala 327;3;JVS123;13:00;104929166;145
112;Sala 193;11;TIZ217;11:00;110192979;146
611;Sala 397;25;IRI194;9:00;142257481;147
86;Sala 205;53;XMX208;7:00;134805648;148
490;Sala 273;62;SES253;16:00;163961152;149
274;Sala 327;24;TDX173;15:00;115018862;150
243;Sala 323;68;PCP168;14:00;189987804;151
753;Sala 300;35;KBF243;8:00;176163969;152
859;Sala 214;70;MAZ203;12:00;128138202;153
155;Sala 115;25;YIF221;16:00;106454725;154
979;Sala 133;50;BJJ280;9:00;121305564;155
610;Sala 202;7;NPW225;9:00;116653261;156
50;Sala 195;37;OIF127;9:00;122972525;157
531;Sala 208;10;DFC137;14:00;144745126;158
243;Sala 139;49;EWF182;16:00;124068193;159
110;Sala 164;20;LWH194;12:00;110785342;160
543;Sala 370;18;POP251;16:00;107143634;161
990;Sala 105;20;WZA103;11:00;178282829;162
476;Sala 227;6;CDX275;15:00;178429174;163
206;Sala 368;15;RLD184;14:00;172213366;164
15;Sala 273;48;SPV125;7:00;140344540;165
587;Sala 251;7;VXK259;12:00;198954133;166
733;Sala 219;45;OTK127;9:00;180433660;167
411;Sala 345;22;JDB135;14:00;188972025;168
978;Sala 253;45;MTL255;13:00;148053107;169
606;Sala 294;22;GTK205;10:00;183130725;170
432;Sala 107;50;GGN275;9:00;119743099;171
546;Sala 292;16;YEP160;15:00;198119196;172
874;Sala 294;42;TXT286;13:00;190248970;173
567;Sala 117;68;SHR239;16:00;122362551;174
119;Sala 359;2;QIK103;12:00;115210891;175
394;Sala 231;63;ALV198;7:00;126978808;176
561;Sala 190;45;BZK119;13:00;195849893;177
619;Sala 359;24;XPC186;11:00;184153566;178
259;Sala 268;1;YGC165;10:00;173768049;179
524;Sala 396;53;UJA238;9:00;140316397;180
578;Sala 328;53;ENL178;15:00;165846974;181
602;Sala 155;39;RQX207;11:00;177080051;182
262;Sala 353;1;QKF240;15:00;133908979;183
259;Sala 232;11;BAB174;8:00;195545391;184
115;Sala 122;26;GPI218;11:00;160660098;185
473;Sala 257;55;BKL205;10:00;100453606;186
15;Sala 144;43;FUZ212;10:00;137872202;187
605;Sala 179;16;JST286;15:00;153791992;188
778;Sala 385;44;ZFR255;10:00;147032884;189
145;Sala 211;10;LJI236;15:00;120810346;190
279;Sala 298;24;PKF265;10:00;198945582;191
376;Sala 262;43;WRC285;9:00;194492040;192
983;Sala 132;13;WIK104;11:00;127854382;193
576;Sala 248;15;LSW288;11:00;150877214;194
978;Sala 200;66;TUI264;15:00;189149643;195
273;Sala 327;47;MSC234;10:00;182960234;196
81;Sala 284;50;WPG105;9:00;111106914;197
87;Sala 343;62;TEC278;15:00;125964466;198
289;Sala 239;63;FFW236;11:00;104393791;199
170;Sala 181;16;XVR236;11:00;173029320;200
748;Sala 142;7;BZV128;11:00;108238645;201
532;Sala 266;53;UKL111;8:00;125298531;202
631;Sala 189;34;HTI106;10:00;119517385;203
202;Sala 272;31;GXY196;13:00;129449830;204
785;Sala 310;58;IFW122;14:00;182952275;205
34;Sala 292;33;TPF240;15:00;192868975;206
240;Sala 336;56;OWN190;9:00;148090515;207
482;Sala 174;29;SHX189;16:00;170385901;208
215;Sala 367;34;THA195;14:00;171633567;209
398;Sala 220;49;TNE232;7:00;106276670;210
425;Sala 168;36;ZAP170;15:00;112751741;211
430;Sala 158;45;NJO170;13:00;192626424;212
633;Sala 237;56;XJK151;12:00;198965864;213
684;Sala 224;69;GQS235;12:00;132148135;214
548;Sala 305;11;EDG219;11:00;140560941;215
489;Sala 213;36;RYK168;14:00;188556610;216
96;Sala 271;56;CSO132;11:00;139233409;217
106;Sala 122;41;VZL128;10:00;150567600;218
35;Sala 115;46;UGW282;9:00;140899639;219
253;Sala 175;19;YQH134;13:00;182633755;220
667;Sala 381;29;BMU244;11:00;179949793;221
460;Sala 293;35;XXN165;14:00;165366775;222
880;Sala 104;47;YMJ153;12:00;109430209;223
881;Sala 363;64;PIZ287;11:00;190230905;224
645;Sala 182;66;ENL178;16:00;163757841;225
143;Sala 230;14;ZYY223;13:00;184129483;226
171;Sala 269;30;ZDS216;8:00;190788918;227
596;Sala 295;43;KHN191;11:00;176504560;228
174;Sala 174;7;JTJ291;11:00;125803595;229
74;Sala 135;63;DPS216;12:00;179895936;230
756;Sala 196;42;GVR174;11:00;170108458;231
738;Sala 201;20;YGC165;11:00;141862720;232
301;Sala 337;47;MJD116;8:00;118863303;233
11;Sala 184;20;FNF278;9:00;117636197;234
858;Sala 110;44;VFJ121;14:00;170236839;235
333;Sala 242;19;QVV187;11:00;189780725;236
733;Sala 380;65;BAB174;7:00;157540125;237
430;Sala 194;29;RAJ264;8:00;101714471;238
451;Sala 106;2;PFD110;14:00;145053359;239
510;Sala 316;35;BNO115;7:00;138698358;240
286;Sala 118;29;PPU116;16:00;115480355;241
20;Sala 305;12;TBQ144;10:00;183315956;242
213;Sala 353;25;OMT201;12:00;121771770;243
4;Sala 321;64;UJA238;8:00;101948150;244
119;Sala 395;45;HOE143;9:00;174727880;245
538;Sala 141;30;TFQ227;12:00;176095118;246
94;Sala 130;34;KSN220;14:00;192677698;247
405;Sala 346;26;XFH255;10:00;196030307;248
672;Sala 332;38;EPV255;10:00;145698555;249
103;Sala 283;26;OVO178;9:00;129172067;250
543;Sala 153;6;SBU159;15:00;174412472;251
243;Sala 345;57;QFY252;11:00;121035625;252
237;Sala 283;45;MLX146;16:00;175848849;253
371;Sala 392;7;XWW297;8:00;137111596;254
991;Sala 255;60;NRV120;16:00;151042861;255
706;Sala 183;15;JTC106;8:00;129399920;256
632;Sala 161;49;BTQ227;14:00;192016085;257
717;Sala 139;33;KBF243;9:00;191503287;258
989;Sala 352;12;UVW169;8:00;139015778;259
311;Sala 254;40;FNF278;15:00;186590503;260
527;Sala 376;15;UWV127;15:00;173425675;261
284;Sala 388;16;QAQ273;12:00;188034072;262
918;Sala 396;1;REG276;13:00;176390112;263
275;Sala 126;68;VUJ152;11:00;119010136;264
166;Sala 175;28;IOY152;14:00;173889751;265
696;Sala 299;7;RBG208;16:00;179378788;266
369;Sala 190;12;MSC234;13:00;170336007;267
177;Sala 297;5;LRT154;10:00;127930777;268
854;Sala 295;18;XAT299;16:00;116147764;269
450;Sala 361;67;QOI292;12:00;186725217;270
104;Sala 367;6;LVB190;12:00;134380100;271
301;Sala 336;62;SAC136;7:00;167544323;272
688;Sala 304;19;OGL190;8:00;127817730;273
963;Sala 193;19;VJK143;16:00;123685294;274
624;Sala 371;21;VLO201;15:00;192047923;275
622;Sala 119;15;CGY268;8:00;130036635;276
963;Sala 208;19;SAB296;14:00;129563416;277
545;Sala 115;6;IZZ205;7:00;114682862;278
243;Sala 118;37;ENQ157;13:00;127779222;279
294;Sala 133;53;HMK287;10:00;196330851;280
565;Sala 310;59;JXB246;13:00;146510632;281
264;Sala 274;50;GPI218;8:00;161943428;282
852;Sala 121;70;FEV214;8:00;187554810;283
440;Sala 124;26;WZB219;14:00;196479916;284
167;Sala 242;8;BBA125;9:00;157412246;285
374;Sala 150;24;KMB223;8:00;180685748;286
139;Sala 157;33;ZTH130;9:00;148149196;287
721;Sala 266;5;IUC244;12:00;104178575;288
362;Sala 280;13;ARF230;9:00;135634065;289
999;Sala 315;4;XPC186;16:00;142440210;290
338;Sala 392;58;YFC176;14:00;101502273;291
962;Sala 329;38;WPI239;16:00;131056637;292
529;Sala 174;40;TKJ295;12:00;156722209;293
443;Sala 264;37;HGU114;13:00;152003171;294
448;Sala 182;41;TIM179;15:00;149351584;295
429;Sala 300;5;QYN257;7:00;188009796;296
952;Sala 162;56;XPB174;15:00;127201764;297
230;Sala 256;44;NFD147;16:00;143122444;298
461;Sala 274;21;AHU172;12:00;152591504;299
920;Sala 114;66;ZVA232;13:00;116065343;300
140;Sala 132;66;OAF205;9:00;114161660;301
87;Sala 271;59;RHN282;9:00;138362330;302
437;Sala 397;36;URA122;9:00;132457913;303
7;Sala 143;69;ZUP163;10:00;105343322;304
339;Sala 385;20;IAM102;9:00;114143974;305
459;Sala 316;38;LSH137;10:00;162559980;306
233;Sala 358;14;WOM279;14:00;122457990;307
996;Sala 333;17;MUS177;12:00;136178494;308
254;Sala 200;4;BYX216;8:00;134354333;309
619;Sala 229;1;YRQ167;13:00;171004010;310
227;Sala 332;52;XAT299;9:00;166170003;311
699;Sala 200;42;FZO137;12:00;163694432;312
501;Sala 309;62;SJQ261;13:00;185970501;313
68;Sala 178;18;OSP197;9:00;156297488;314
937;Sala 145;54;LVR108;14:00;110286435;315
346;Sala 193;41;PKF265;14:00;148244583;316
835;Sala 123;39;AYE168;16:00;195940398;317
262;Sala 310;26;MYJ287;14:00;109869965;318
508;Sala 320;64;YLP171;14:00;161338523;319
55;Sala 252;42;LUE258;12:00;157661862;320
329;Sala 381;5;ADA190;15:00;147976911;321
447;Sala 151;39;HHZ132;11:00;148046898;322
162;Sala 252;33;SEH170;7:00;193138601;323
734;Sala 224;40;CKY268;7:00;151842108;324
735;Sala 199;59;LSS239;14:00;125175540;325
722;Sala 129;10;ARS122;7:00;181691817;326
369;Sala 338;53;CGR236;14:00;145042059;327
105;Sala 366;20;GBV257;7:00;121733200;328
808;Sala 302;70;WUL221;16:00;176921996;329
931;Sala 278;7;TMJ142;10:00;109041674;330
861;Sala 328;45;SWJ112;8:00;156008836;331
152;Sala 177;40;TDX173;10:00;134030485;332
583;Sala 279;43;OVS237;9:00;163343953;333
469;Sala 204;43;ARS122;7:00;147148234;334
276;Sala 311;56;SFF244;16:00;164050850;335
267;Sala 241;59;ULM184;13:00;185173039;336
776;Sala 316;43;HOJ285;13:00;135354695;337
421;Sala 362;37;PST236;10:00;193771419;338
817;Sala 110;2;OUW210;7:00;146810174;339
551;Sala 122;51;ALV198;16:00;162668069;340
81;Sala 212;66;MVA218;12:00;152519374;341
576;Sala 131;63;PDQ299;11:00;156986256;342
630;Sala 380;37;QYN257;9:00;196506959;343
654;Sala 136;9;UXI145;8:00;103622027;344
520;Sala 300;29;MNV214;10:00;127117887;345
443;Sala 168;48;QGC168;12:00;168147791;346
46;Sala 104;4;ERZ195;16:00;103044146;347
107;Sala 376;59;BKL205;16:00;177088122;348
775;Sala 373;3;GXY196;8:00;192979970;349
195;Sala 253;59;ZNQ131;9:00;176870421;350
331;Sala 398;44;AGL149;15:00;157775347;351
860;Sala 172;57;LWF244;8:00;126712556;352
574;Sala 300;1;XVR236;7:00;186082865;353
965;Sala 394;11;EOT166;9:00;156857494;354
603;Sala 126;66;BOS135;7:00;139175635;355
521;Sala 286;61;LWV292;8:00;131666668;356
160;Sala 332;65;BLG148;15:00;118641247;357
47;Sala 318;53;QRM161;15:00;191047396;358
825;Sala 156;16;VFJ121;11:00;123352459;359
765;Sala 362;66;FQE256;13:00;189212631;360
665;Sala 331;1;FDJ218;15:00;195341006;361
103;Sala 349;38;EXS215;7:00;143909894;362
337;Sala 377;42;GNS233;14:00;188537541;363
339;Sala 250;16;NGM115;12:00;145210670;364
31;Sala 274;58;QCL212;13:00;109123976;365
787;Sala 138;20;IEK267;10:00;160971798;366
100;Sala 396;41;CEJ194;7:00;164685450;367
515;Sala 394;67;BTQ267;14:00;180754256;368
543;Sala 222;44;MAX278;16:00;150731991;369
977;Sala 272;11;MLX146;15:00;102678269;370
654;Sala 312;53;QVI202;8:00;112888831;371
45;Sala 192;65;TUM189;15:00;107546260;372
850;Sala 300;26;BSJ211;14:00;152967345;373
296;Sala 109;50;CEC279;12:00;172036855;374
925;Sala 138;56;NFD147;7:00;189482624;375
518;Sala 125;31;DWM139;16:00;187277504;376
976;Sala 383;65;RSL178;8:00;159777220;377
71;Sala 231;10;OTK127;12:00;168107564;378
700;Sala 233;15;BZV128;13:00;154223518;379
273;Sala 377;40;VIO265;12:00;188437209;380
220;Sala 389;56;MHW281;16:00;121086563;381
164;Sala 161;19;VHD281;14:00;187141632;382
799;Sala 385;43;OCG146;10:00;108376878;383
849;Sala 124;64;XKN198;14:00;154100997;384
145;Sala 382;61;AOH160;16:00;144138996;385
905;Sala 244;48;ZVC137;15:00;142894791;386
543;Sala 193;24;RUR141;7:00;167618046;387
252;Sala 377;32;WFS235;7:00;184147383;388
211;Sala 137;54;IUZ137;12:00;183646346;389
947;Sala 336;7;OYN156;14:00;125583189;390
848;Sala 136;57;UPG137;10:00;125153828;391
363;Sala 182;50;GVE124;11:00;126785203;392
298;Sala 247;63;PKF265;16:00;139373108;393
267;Sala 133;15;MKW157;16:00;156886784;394
626;Sala 337;63;CKY268;15:00;184573873;395
119;Sala 209;57;FGZ172;7:00;156320088;396
331;Sala 108;18;JTC106;14:00;165945226;397
65;Sala 395;43;KDE116;10:00;113750532;398
206;Sala 118;50;RPK128;13:00;180126720;399
438;Sala 226;49;SIC173;13:00;149541979;400
728;Sala 190;56;OCG146;8:00;128129483;401
238;Sala 169;14;FSH298;7:00;112080539;402
762;Sala 106;40;RZD264;11:00;118971984;403
719;Sala 157;35;OJL131;11:00;140087657;404
969;Sala 367;1;IHL106;12:00;161149722;405
953;Sala 288;36;WCY262;10:00;199484324;406
167;Sala 226;20;KTN114;12:00;119948545;407
139;Sala 278;22;ARF230;16:00;182285087;408
299;Sala 296;15;NBO163;7:00;153481268;409
541;Sala 211;33;LQW143;9:00;112399493;410
386;Sala 362;3;UNB150;15:00;112739429;411
806;Sala 243;22;YYX145;14:00;145854142;412
329;Sala 150;6;FJW165;8:00;171447121;413
994;Sala 356;49;OOX134;8:00;108548234;414
384;Sala 212;45;SWJ112;14:00;130225347;415
452;Sala 294;15;EDE135;12:00;193779350;416
705;Sala 295;66;QSL187;16:00;128991634;417
370;Sala 286;34;JIV227;7:00;147486377;418
901;Sala 157;15;YSZ121;8:00;105745080;419
872;Sala 167;6;ISK137;10:00;183910821;420
761;Sala 389;17;UKC152;15:00;119333049;421
85;Sala 326;13;YPO230;15:00;192856886;422
55;Sala 350;19;PKF265;12:00;155108810;423
177;Sala 155;10;NVE154;12:00;141261456;424
490;Sala 289;15;HTI106;14:00;182693020;425
159;Sala 187;28;SAJ150;14:00;160955151;426
199;Sala 249;22;OTM122;7:00;125309453;427
6;Sala 273;2;RZD264;15:00;102904564;428
724;Sala 215;43;WYQ239;16:00;148200715;429
928;Sala 394;48;MYI260;14:00;136952035;430
81;Sala 380;5;VZL128;11:00;122469412;431
748;Sala 392;60;QFG276;14:00;137643428;432
802;Sala 109;46;EWW285;16:00;116845678;433
997;Sala 101;44;EHD247;7:00;153858468;434
429;Sala 358;57;TIZ217;10:00;115579414;435
614;Sala 278;67;PSB168;10:00;145524582;436
776;Sala 166;17;RIU160;16:00;101664021;437
862;Sala 327;54;REG276;14:00;170227252;438
301;Sala 372;2;JRY290;15:00;196010489;439
157;Sala 269;60;WON256;15:00;103534534;440
931;Sala 200;3;OQN216;16:00;157648037;441
200;Sala 340;65;COY272;16:00;121867641;442
560;Sala 142;40;SBU159;15:00;168974966;443
537;Sala 231;28;OUO265;8:00;185261931;444
424;Sala 385;14;TEZ119;10:00;127079008;445
340;Sala 394;37;MKU148;14:00;115286668;446
982;Sala 323;49;FZR191;10:00;152815026;447
431;Sala 102;14;CNV217;14:00;146688535;448
464;Sala 310;9;WHZ143;9:00;169609082;449
376;Sala 127;53;JLY209;9:00;115536701;450
566;Sala 214;44;TZJ208;12:00;160500774;451
891;Sala 273;68;ZQH210;9:00;191257160;452
842;Sala 320;47;CKY268;15:00;199396961;453
886;Sala 364;65;UPK251;13:00;116148898;454
717;Sala 346;47;JGE186;12:00;144037585;455
209;Sala 101;21;LRZ188;10:00;148072526;456
642;Sala 219;11;MLX146;13:00;161480825;457
426;Sala 214;52;ZXM124;14:00;176765876;458
801;Sala 343;55;QFY252;16:00;150403797;459
151;Sala 107;60;MLX146;8:00;157712496;460
378;Sala 348;7;HOR290;11:00;101979171;461
64;Sala 196;44;SZW279;8:00;171435590;462
493;Sala 362;50;HLY136;9:00;106034396;463
717;Sala 373;1;LLH190;13:00;178174084;464
943;Sala 198;4;EBT223;8:00;168098083;465
261;Sala 301;49;MIU105;12:00;170853141;466
374;Sala 226;8;NKQ142;15:00;161596793;467
248;Sala 327;24;ASK218;10:00;147397780;468
533;Sala 332;57;XTK266;9:00;144593541;469
397;Sala 186;30;SMP288;16:00;119404558;470
390;Sala 108;70;ZRI264;16:00;183030632;471
236;Sala 200;8;EZR278;9:00;131435565;472
158;Sala 266;44;GPI218;16:00;117631138;473
70;Sala 367;51;GAT203;10:00;154915366;474
718;Sala 181;33;VWQ179;12:00;176190518;475
705;Sala 150;64;ICA253;16:00;143264261;476
55;Sala 169;48;EEQ160;16:00;151600374;477
923;Sala 102;20;KTV256;15:00;136214764;478
842;Sala 366;56;SYK162;11:00;180758384;479
32;Sala 262;22;YSB217;8:00;148671665;480
636;Sala 295;63;ZXM124;7:00;188587610;481
924;Sala 391;15;HMI150;8:00;102600027;482
393;Sala 316;11;IMZ253;12:00;116651217;483
999;Sala 223;67;HMA136;10:00;123392572;484
182;Sala 171;14;SJI177;12:00;136313148;485
141;Sala 199;50;PDQ126;12:00;110604779;486
691;Sala 144;25;MFP271;14:00;170904945;487
17;Sala 367;3;KRY163;14:00;158646684;488
162;Sala 338;34;XAL156;7:00;115258459;489
469;Sala 211;45;ZGW115;13:00;174134543;490
142;Sala 173;21;BBZ104;7:00;113317383;491
650;Sala 155;6;OQN216;10:00;175419447;492
157;Sala 242;43;NRO125;11:00;170644269;493
528;Sala 392;69;HOR290;13:00;182710832;494
403;Sala 248;69;DIA214;8:00;146008747;495
337;Sala 382;19;NDS131;14:00;107752183;496
941;Sala 342;50;FDJ218;10:00;160898247;497
791;Sala 352;37;XXD117;12:00;103276529;498
357;Sala 223;48;IUC244;16:00;140094130;499
247;Sala 188;42;AAU173;16:00;196930128;500
130;Sala 218;58;SYK162;13:00;136634682;501
767;Sala 370;15;TNE232;10:00;187893366;502
618;Sala 378;40;ICA253;7:00;184244653;503
528;Sala 200;37;SBK154;15:00;173511456;504
277;Sala 256;62;TQJ219;7:00;107905453;505
159;Sala 195;30;KGZ230;8:00;115535675;506
557;Sala 147;10;WOR188;16:00;194263141;507
728;Sala 177;25;BMU244;7:00;122490132;508
399;Sala 295;22;HFC169;7:00;193336437;509
367;Sala 140;39;TIZ217;10:00;159574503;510
563;Sala 161;28;UGY180;8:00;186245192;511
761;Sala 213;25;QKU142;16:00;126950924;512
822;Sala 356;30;GTK205;16:00;123637404;513
230;Sala 359;6;LYG277;16:00;108374852;514
742;Sala 239;38;TKP213;9:00;133152539;515
290;Sala 120;41;LYT138;15:00;118519745;516
669;Sala 302;32;UGQ241;8:00;150112540;517
779;Sala 382;32;AQQ105;12:00;164729795;518
951;Sala 208;27;YAK259;13:00;189115277;519
883;Sala 167;40;NNO207;7:00;193759038;520
2;Sala 241;55;MNO177;11:00;146340258;521
671;Sala 220;70;FEV214;9:00;193174560;522
440;Sala 149;4;ARF230;9:00;144530397;523
470;Sala 237;25;AJF279;10:00;107851693;524
852;Sala 382;28;ZBG266;12:00;120008799;525
673;Sala 182;65;KUW266;15:00;175623522;526
585;Sala 230;3;TSK222;7:00;102075834;527
161;Sala 352;29;SHX189;13:00;172875139;528
133;Sala 129;47;IFW167;11:00;166094837;529
490;Sala 362;44;YYX145;9:00;166175649;530
642;Sala 290;36;XVR236;13:00;165937012;531
410;Sala 389;55;LZL195;14:00;148232626;532
221;Sala 155;68;HGC287;14:00;163408640;533
779;Sala 210;42;LEN280;7:00;170453747;534
521;Sala 131;66;GUT280;13:00;157994975;535
514;Sala 161;25;OVZ173;16:00;104112938;536
431;Sala 266;8;KAA154;9:00;159863632;537
924;Sala 280;24;ZAU279;9:00;152672499;538
44;Sala 296;41;GJF223;12:00;132549153;539
125;Sala 375;10;MHW281;16:00;109666569;540
328;Sala 107;42;BMY276;11:00;140640655;541
55;Sala 376;68;HPX244;8:00;182316449;542
634;Sala 340;51;ARF230;11:00;161609474;543
449;Sala 290;12;BDN101;12:00;187346162;544
326;Sala 190;34;AXT245;13:00;136435347;545
957;Sala 394;24;JNV267;16:00;141006382;546
245;Sala 183;40;UPG137;7:00;114006685;547
502;Sala 318;7;GYZ284;9:00;123377030;548
886;Sala 320;62;QAD113;10:00;199275162;549
487;Sala 101;65;XBP187;8:00;162459240;550
596;Sala 139;6;QOI292;12:00;124766702;551
414;Sala 303;55;EBT223;13:00;122973484;552
730;Sala 292;61;GYB206;14:00;155824004;553
329;Sala 143;36;FZA244;11:00;131560668;554
879;Sala 209;25;LYT138;16:00;141269390;555
453;Sala 121;46;WFS235;16:00;151494155;556
417;Sala 363;61;BKL205;12:00;108109721;557
218;Sala 266;18;BPW132;8:00;141397034;558
706;Sala 208;17;OAC208;14:00;116381814;559
227;Sala 354;52;KVR233;10:00;123792136;560
399;Sala 338;64;LRZ188;13:00;172700356;561
15;Sala 188;26;FMW150;8:00;193706226;562
925;Sala 122;28;ZDS216;12:00;168589085;563
640;Sala 301;1;AUO140;7:00;114813597;564
86;Sala 228;37;OMT201;15:00;100712112;565
73;Sala 114;29;VZL128;14:00;175753075;566
756;Sala 353;41;HOE143;13:00;169230718;567
160;Sala 366;22;QIK103;14:00;136926093;568
310;Sala 193;51;TFQ182;14:00;125034750;569
37;Sala 131;36;ILX157;10:00;197243755;570
884;Sala 108;13;IYY124;9:00;182532915;571
592;Sala 315;6;HVC285;13:00;129524920;572
642;Sala 392;51;IUC244;8:00;135385432;573
739;Sala 379;51;KTS169;14:00;185617460;574
894;Sala 139;24;SWU106;12:00;183528838;575
648;Sala 158;46;ZXU251;16:00;122967379;576
604;Sala 132;47;EWF182;13:00;157529085;577
218;Sala 348;42;ZTH130;13:00;101300180;578
271;Sala 308;1;MQD198;11:00;191102308;579
242;Sala 311;10;ISK137;8:00;120250459;580
578;Sala 282;12;HMM235;8:00;107961506;581
554;Sala 344;21;WKJ198;12:00;182617284;582
375;Sala 279;24;BEP229;7:00;187746661;583
241;Sala 376;39;KDE116;16:00;164637267;584
385;Sala 221;50;LQW143;11:00;135818386;585
954;Sala 132;21;QBB146;9:00;133275741;586
913;Sala 112;38;URU115;16:00;131932771;587
382;Sala 314;34;CJP141;7:00;146241757;588
266;Sala 338;23;CHK168;11:00;160920616;589
716;Sala 349;20;WFM156;16:00;110535789;590
547;Sala 158;23;CAD271;10:00;104232055;591
672;Sala 247;25;YHY219;7:00;107929112;592
698;Sala 321;62;AOH160;11:00;124551641;593
6;Sala 141;46;DOT229;13:00;192579042;594
943;Sala 370;14;YSB217;8:00;167256168;595
323;Sala 145;53;MKU148;9:00;149395745;596
935;Sala 301;50;SFF244;13:00;122107658;597
123;Sala 191;28;CEC279;15:00;164423300;598
866;Sala 309;12;QGC168;12:00;117698203;599
459;Sala 265;55;DGK167;7:00;102347412;600
144;Sala 264;21;DET231;9:00;185138755;601
153;Sala 311;23;SNU175;8:00;148259270;602
748;Sala 224;46;BXY209;13:00;101591316;603
465;Sala 212;32;JST286;9:00;145092884;604
837;Sala 191;33;LLC182;9:00;132071170;605
773;Sala 219;34;WPT212;16:00;181162859;606
303;Sala 370;51;DIG126;8:00;178312679;607
238;Sala 241;51;OGT225;15:00;174077699;608
119;Sala 380;45;GVE124;16:00;116149334;609
876;Sala 394;4;TRL177;9:00;160056639;610
619;Sala 326;61;JNY100;11:00;193366296;611
830;Sala 172;11;SIC173;8:00;160232456;612
953;Sala 227;70;CIT199;13:00;142806500;613
404;Sala 108;42;VWQ179;7:00;126890156;614
858;Sala 313;33;PHH131;13:00;128451592;615
718;Sala 214;61;LMP197;8:00;110254115;616
392;Sala 153;22;QHL100;11:00;116339855;617
811;Sala 357;31;IFW122;9:00;107008660;618
736;Sala 205;17;ZXM124;8:00;120492437;619
913;Sala 210;27;GTJ261;12:00;117986519;620
440;Sala 102;32;JST286;13:00;162847644;621
550;Sala 270;21;RJM179;11:00;165315933;622
246;Sala 160;61;WKQ286;16:00;172428443;623
817;Sala 186;62;ROJ155;7:00;151214882;624
1000;Sala 160;52;XPC186;7:00;100085229;625
246;Sala 253;68;YOG141;11:00;124354354;626
168;Sala 312;65;GQS235;12:00;167765438;627
642;Sala 213;23;BYX216;11:00;159047276;628
671;Sala 385;52;TXT286;14:00;171632631;629
463;Sala 384;38;TJT162;13:00;146054057;630
979;Sala 104;21;RPZ285;10:00;195437642;631
428;Sala 200;64;GID260;11:00;169379444;632
710;Sala 209;23;APH153;14:00;135872496;633
73;Sala 300;66;GED188;15:00;176114736;634
580;Sala 302;17;JQT197;13:00;144632903;635
488;Sala 163;51;QHL100;12:00;185022999;636
336;Sala 191;7;VNX185;11:00;194126191;637
570;Sala 107;49;IAF105;15:00;116108447;638
709;Sala 217;62;SMP288;8:00;139995062;639
50;Sala 195;61;MAL129;11:00;123791937;640
881;Sala 130;30;ILR109;14:00;167698787;641
244;Sala 355;33;MSH110;8:00;196307110;642
666;Sala 346;26;UEG146;16:00;132975608;643
689;Sala 153;15;UAW222;12:00;188118159;644
843;Sala 344;34;QCJ126;11:00;124323251;645
756;Sala 188;19;CNT118;16:00;162696355;646
500;Sala 398;24;JJO217;15:00;114790360;647
292;Sala 241;48;QBH217;11:00;129538548;648
183;Sala 183;67;CDX275;11:00;107410297;649
75;Sala 180;6;EKU173;11:00;156520980;650
275;Sala 334;1;GAT203;8:00;190319600;651
111;Sala 171;2;WRV265;15:00;155684323;652
979;Sala 269;60;IMZ253;14:00;171001819;653
169;Sala 306;61;INF149;12:00;117611813;654
594;Sala 303;51;XVR236;12:00;171075092;655
308;Sala 324;34;HOE143;16:00;156746903;656
119;Sala 332;68;TNE232;9:00;184295030;657
807;Sala 208;34;EPQ252;11:00;188157922;658
574;Sala 151;65;RQX207;16:00;184460741;659
493;Sala 349;30;YLP171;7:00;188423328;660
893;Sala 245;24;CNV217;10:00;168632826;661
533;Sala 145;64;VUI225;14:00;129294427;662
112;Sala 380;60;PSO159;13:00;111339548;663
641;Sala 240;26;DPS216;12:00;178299485;664
864;Sala 317;46;JTL164;7:00;144950865;665
116;Sala 103;22;LNS231;12:00;162673800;666
60;Sala 331;64;KTN114;12:00;145571817;667
813;Sala 172;18;EZT195;14:00;112114543;668
724;Sala 165;62;MAX278;10:00;148059877;669
917;Sala 220;13;JXB133;12:00;142105132;670
545;Sala 373;29;FIU136;16:00;119399104;671
14;Sala 163;11;OVS237;11:00;132809419;672
208;Sala 247;8;BKB291;14:00;112097756;673
545;Sala 143;31;OVS237;13:00;161096104;674
218;Sala 394;43;MRI111;15:00;198881892;675
117;Sala 250;67;DOT229;7:00;145461042;676
80;Sala 368;43;ZAP170;16:00;157929674;677
163;Sala 385;32;FEV214;11:00;148203170;678
109;Sala 164;60;MJD116;9:00;198394254;679
363;Sala 372;30;AXT245;16:00;121775262;680
502;Sala 269;69;PIZ287;14:00;115555456;681
444;Sala 113;48;DIA214;13:00;126907238;682
427;Sala 194;60;HPX244;16:00;118755896;683
678;Sala 210;12;YYX145;14:00;107987077;684
546;Sala 164;36;RTE285;16:00;108811906;685
621;Sala 104;15;YTD185;8:00;188456367;686
199;Sala 381;48;GJR188;16:00;142121132;687
51;Sala 305;69;ZAP170;8:00;117239567;688
416;Sala 220;10;NPF225;10:00;144314426;689
139;Sala 379;58;AUQ249;12:00;122279384;690
571;Sala 175;30;BLE204;11:00;122401429;691
644;Sala 305;48;XUR195;15:00;179228689;692
594;Sala 392;1;SLC138;16:00;124082646;693
534;Sala 223;64;SVR107;14:00;196986599;694
632;Sala 291;63;SAC136;13:00;198011738;695
396;Sala 217;20;ZGW115;7:00;192760545;696
6;Sala 315;4;XXN164;7:00;131254138;697
819;Sala 207;55;BDN101;9:00;170578114;698
837;Sala 288;33;QCR275;16:00;190470446;699
929;Sala 259;50;SPV125;7:00;128567173;700
281;Sala 264;11;IJB271;8:00;136802771;701
124;Sala 208;52;OIF127;16:00;115971846;702
130;Sala 268;29;TOO105;7:00;191426302;703
545;Sala 327;12;OND192;10:00;142765006;704
269;Sala 127;43;JAT244;8:00;111996559;705
292;Sala 386;61;UGQ241;10:00;152376845;706
357;Sala 159;13;TDX173;16:00;170952637;707
889;Sala 338;38;HVC285;10:00;140463296;708
119;Sala 388;29;HHZ132;13:00;103680141;709
776;Sala 101;68;OVF165;16:00;131361991;710
382;Sala 221;9;QYN257;13:00;148943654;711
891;Sala 220;15;YSB217;10:00;123876377;712
173;Sala 103;46;TIM179;15:00;198674854;713
987;Sala 250;54;ULE236;12:00;160939981;714
895;Sala 273;29;NRV120;8:00;187752878;715
495;Sala 218;64;FMW150;13:00;121185842;716
271;Sala 369;21;VYF279;9:00;134626928;717
321;Sala 212;33;DFK162;12:00;194701686;718
558;Sala 131;68;SBK154;7:00;107679461;719
740;Sala 137;8;TBQ144;7:00;170756109;720
795;Sala 134;11;WPI239;10:00;110201610;721
975;Sala 121;38;KEQ278;7:00;133603709;722
374;Sala 236;62;FDJ218;16:00;146902711;723
39;Sala 108;6;TIM289;16:00;144608284;724
462;Sala 287;29;TZJ208;16:00;135867857;725
266;Sala 273;37;JXB246;10:00;151079120;726
563;Sala 196;30;EHA228;12:00;150758294;727
547;Sala 259;45;KVR233;16:00;110766531;728
80;Sala 392;47;OFP240;8:00;135419004;729
629;Sala 220;24;TJT162;15:00;177685016;730
598;Sala 271;69;SBK154;15:00;151267142;731
570;Sala 284;1;HLY136;13:00;141976665;732
447;Sala 257;32;OMK101;11:00;194922328;733
871;Sala 154;31;FGD203;8:00;147586342;734
136;Sala 379;5;XPC186;14:00;136522610;735
84;Sala 221;30;UZH288;7:00;138718492;736
471;Sala 329;31;EWF234;14:00;138724081;737
909;Sala 273;41;LZL195;8:00;177619998;738
899;Sala 218;38;WWP197;12:00;134624082;739
581;Sala 271;65;ROJ155;16:00;162948026;740
882;Sala 204;29;LGJ128;12:00;140710244;741
348;Sala 242;10;YOG141;10:00;153128953;742
133;Sala 244;12;ZQR271;10:00;120245282;743
628;Sala 362;58;NPI137;13:00;148245745;744
259;Sala 106;43;OFL185;11:00;114188660;745
66;Sala 313;48;EOM256;7:00;180807491;746
815;Sala 119;66;DAR274;13:00;179524897;747
546;Sala 297;7;BML153;14:00;144745761;748
440;Sala 208;17;NPI137;9:00;121975975;749
982;Sala 318;70;ZQR271;12:00;125147847;750
54;Sala 266;49;HCX117;8:00;130564875;751
561;Sala 287;63;XZN130;11:00;187178671;752
472;Sala 350;44;LMP197;14:00;116321974;753
966;Sala 379;36;IFT277;7:00;109644578;754
936;Sala 270;60;NHP246;9:00;147897294;755
262;Sala 335;25;QNC240;15:00;124435577;756
881;Sala 205;32;MPQ233;14:00;182766055;757
432;Sala 319;43;DTL147;13:00;135467240;758
514;Sala 394;42;KMB223;10:00;173330373;759
440;Sala 285;70;FZA214;15:00;117121116;760
877;Sala 339;41;TDX173;13:00;132082865;761
515;Sala 302;47;IMZ253;16:00;115390767;762
231;Sala 206;20;BKM258;16:00;131594336;763
273;Sala 354;54;JMH102;7:00;115457200;764
358;Sala 195;29;AHT218;11:00;169436328;765
207;Sala 279;26;MYR136;11:00;129464858;766
124;Sala 319;35;RIU160;11:00;175312908;767
325;Sala 278;47;WYW257;13:00;129151942;768
72;Sala 382;65;SEH170;9:00;125917550;769
267;Sala 171;54;ICM210;10:00;174922010;770
394;Sala 205;10;GKA206;9:00;163825905;771
249;Sala 243;41;VNX185;15:00;190677766;772
679;Sala 199;56;MRJ275;9:00;103495031;773
158;Sala 320;8;IEK267;7:00;104890185;774
533;Sala 121;20;ULM184;11:00;113146955;775
815;Sala 195;33;XFG171;12:00;141776746;776
210;Sala 170;43;WYW257;14:00;114897593;777
721;Sala 205;32;APT200;9:00;126050345;778
827;Sala 100;37;SMT263;12:00;108593569;779
224;Sala 357;11;AGP101;14:00;116975924;780
270;Sala 256;45;HLY136;15:00;167060083;781
915;Sala 179;9;KBF243;11:00;151805309;782
655;Sala 168;14;IRT162;16:00;194120502;783
256;Sala 185;1;KPZ202;7:00;165814981;784
206;Sala 181;52;ICY240;10:00;142944816;785
742;Sala 384;38;OPS145;15:00;132822467;786
408;Sala 377;11;VLO210;13:00;179643451;787
1;Sala 174;56;IFT277;14:00;104214253;788
394;Sala 339;15;WYW257;8:00;187059808;789
728;Sala 289;38;CGY268;16:00;122849867;790
444;Sala 159;54;HVM276;15:00;171511756;791
746;Sala 145;30;FSH298;13:00;182109366;792
430;Sala 110;67;EHA228;12:00;122512630;793
589;Sala 170;2;WON256;8:00;160492568;794
129;Sala 275;62;CUO171;12:00;119707707;795
287;Sala 323;8;IRU234;11:00;130124266;796
845;Sala 211;54;LVR108;8:00;196135965;797
476;Sala 174;60;IYL298;8:00;128179353;798
5;Sala 374;7;QNK179;11:00;179908423;799
293;Sala 326;38;ZXU113;14:00;146060462;800
102;Sala 377;44;PDQ299;13:00;176909083;801
759;Sala 237;42;LYG277;12:00;165173922;802
900;Sala 114;1;GJR188;12:00;121281149;803
54;Sala 399;56;QKF240;15:00;165052543;804
287;Sala 142;19;SHX189;13:00;159601715;805
159;Sala 377;42;ZAU279;12:00;114959578;806
99;Sala 211;68;SRY115;9:00;197054138;807
482;Sala 386;15;JWV294;15:00;175826039;808
480;Sala 382;33;SJQ261;12:00;167168247;809
439;Sala 151;56;OVS237;8:00;150999559;810
844;Sala 244;29;EDZ253;13:00;168459331;811
863;Sala 191;6;OVS237;9:00;178535926;812
673;Sala 338;56;UTL263;14:00;160182340;813
497;Sala 218;46;EDG242;16:00;167619001;814
218;Sala 363;67;QKF240;10:00;143780972;815
827;Sala 357;3;XMX208;8:00;196082011;816
838;Sala 199;27;IRI194;16:00;133247539;817
151;Sala 384;46;BBA125;12:00;188485984;818
214;Sala 209;33;ZWR174;16:00;178799077;819
656;Sala 221;32;CYU212;8:00;133605045;820
242;Sala 361;45;RJK243;15:00;127795066;821
988;Sala 248;6;OVD212;8:00;126838196;822
201;Sala 338;40;JTC106;15:00;119034429;823
624;Sala 117;64;NVE154;16:00;106939236;824
619;Sala 293;11;HGC287;13:00;198446475;825
714;Sala 323;33;XXD117;9:00;150515672;826
419;Sala 352;66;XAT299;8:00;106535317;827
498;Sala 317;68;RFP122;10:00;195892524;828
134;Sala 121;35;LUU192;16:00;142102176;829
853;Sala 399;15;TXT286;7:00;132547822;830
579;Sala 310;39;TEZ119;13:00;127564010;831
732;Sala 120;23;OCQ279;15:00;142831642;832
443;Sala 139;11;XEY114;13:00;123796524;833
920;Sala 182;28;JFN238;16:00;128523020;834
441;Sala 292;58;CCE135;16:00;156097498;835
330;Sala 191;23;LUU192;7:00;171565749;836
410;Sala 344;36;PIZ287;15:00;171951304;837
63;Sala 131;46;ZNS201;10:00;159643929;838
9;Sala 352;46;ICY240;15:00;182876441;839
686;Sala 326;49;CHK168;8:00;155881824;840
838;Sala 195;69;FDJ218;11:00;132034954;841
461;Sala 162;54;ZUP163;11:00;162782078;842
977;Sala 103;4;LLC182;7:00;154090460;843
905;Sala 235;39;KZL214;14:00;186190761;844
721;Sala 194;12;BKM258;12:00;146119856;845
7;Sala 231;59;CGR236;8:00;195777533;846
718;Sala 181;27;WBH210;16:00;135076850;847
529;Sala 388;53;JIV227;12:00;163764073;848
984;Sala 379;65;NYB176;7:00;112916333;849
490;Sala 183;2;BZV128;14:00;161354980;850
514;Sala 346;58;BKM258;13:00;111899304;851
732;Sala 352;58;ERZ195;13:00;174204445;852
58;Sala 130;6;EOM256;12:00;193027391;853
873;Sala 395;61;HMM235;7:00;101444399;854
521;Sala 287;24;UTE146;12:00;170914440;855
724;Sala 274;52;MQJ114;10:00;113266978;856
868;Sala 241;53;TEZ119;13:00;165918460;857
739;Sala 150;36;YJC224;16:00;101667114;858
501;Sala 364;8;MRJ275;7:00;185876379;859
668;Sala 249;55;OFL185;8:00;161803276;860
911;Sala 256;38;NDA210;11:00;192218577;861
882;Sala 286;66;PCP168;13:00;190760998;862
463;Sala 226;10;LSS239;7:00;102428320;863
179;Sala 110;43;SJL265;16:00;169748685;864
213;Sala 192;16;AUQ249;13:00;169712361;865
807;Sala 202;36;PHH131;12:00;175969598;866
311;Sala 146;44;CEJ194;11:00;197617979;867
518;Sala 218;23;OGL190;7:00;189286242;868
911;Sala 106;21;QFY252;11:00;179562796;869
949;Sala 334;26;KUG206;9:00;109594394;870
790;Sala 251;3;XLQ204;13:00;172953583;871
972;Sala 234;6;QIK103;13:00;102659787;872
363;Sala 360;27;URJ242;8:00;177162360;873
939;Sala 134;24;VNI148;9:00;158352944;874
611;Sala 118;2;ZRI264;11:00;105257360;875
196;Sala 369;62;HFC169;9:00;189006593;876
949;Sala 378;18;GKF175;15:00;141315574;877
718;Sala 219;69;OCG146;16:00;107284330;878
715;Sala 232;15;IYL298;14:00;102558251;879
178;Sala 158;56;XVR236;10:00;191694431;880
572;Sala 362;48;PGK243;7:00;146453131;881
735;Sala 138;67;DFS242;8:00;163526921;882
973;Sala 321;10;ICG132;9:00;142712142;883
907;Sala 322;11;EBZ283;11:00;150070112;884
703;Sala 214;65;PWO270;11:00;189720429;885
650;Sala 303;19;GID260;15:00;117724223;886
493;Sala 134;65;FDZ174;7:00;128705482;887
557;Sala 248;59;RBF168;9:00;106938914;888
145;Sala 374;30;WYQ239;16:00;188009904;889
423;Sala 190;17;ORD268;15:00;154639992;890
975;Sala 267;54;BOS135;7:00;181451212;891
963;Sala 334;56;ZXM124;8:00;173847022;892
25;Sala 129;12;OYA138;7:00;112176340;893
405;Sala 368;41;NYB176;15:00;156688838;894
464;Sala 366;64;IKA254;14:00;146232711;895
192;Sala 274;9;HAS287;14:00;104351555;896
148;Sala 191;69;XAL156;13:00;131952767;897
387;Sala 213;53;JTL164;16:00;180373060;898
776;Sala 342;48;OAF205;8:00;180142869;899
771;Sala 158;7;LVB190;12:00;149632570;900
352;Sala 239;36;LZL195;7:00;127810542;901
497;Sala 140;12;RGB125;11:00;138369402;902
555;Sala 224;57;DTK147;13:00;146123629;903
210;Sala 191;15;CNJ193;16:00;115699312;904
681;Sala 298;54;DLE196;14:00;136533338;905
776;Sala 283;66;HNP239;11:00;138440528;906
96;Sala 155;62;YPW230;7:00;138956352;907
994;Sala 217;2;LEN280;11:00;112003988;908
518;Sala 165;55;FZO137;12:00;197847201;909
806;Sala 180;47;KAP145;12:00;189833815;910
194;Sala 327;24;RGB125;9:00;103126502;911
614;Sala 279;42;OYQ221;14:00;167892516;912
378;Sala 119;10;IER151;15:00;163383993;913
149;Sala 324;43;YYX145;7:00;153466108;914
222;Sala 128;62;TBQ144;12:00;153572654;915
502;Sala 397;19;XDH220;10:00;152467159;916
436;Sala 238;39;JVS123;14:00;142079477;917
109;Sala 375;4;BBA125;15:00;137705175;918
788;Sala 315;19;ROJ155;11:00;107794053;919
819;Sala 334;12;GNS233;14:00;110047566;920
265;Sala 107;63;YQL226;13:00;173242099;921
743;Sala 171;30;VYF279;11:00;195044812;922
714;Sala 236;63;EBT223;10:00;123622918;923
729;Sala 206;54;NVS212;8:00;145293032;924
483;Sala 367;34;OSP197;8:00;152225935;925
627;Sala 248;1;HPX244;16:00;122530647;926
438;Sala 381;41;IIX100;15:00;147694791;927
125;Sala 153;46;FQF231;7:00;183808009;928
762;Sala 124;15;LZA177;16:00;191186876;929
381;Sala 152;33;DWM139;7:00;164604808;930
371;Sala 167;7;ITS123;8:00;147467111;931
575;Sala 397;8;LNS231;9:00;175327921;932
451;Sala 340;19;PQP134;15:00;194714550;933
453;Sala 207;12;TLN274;12:00;181583671;934
607;Sala 227;70;EDG219;14:00;172187189;935
529;Sala 341;48;OVK140;10:00;105602779;936
494;Sala 225;37;QRL293;9:00;109014398;937
556;Sala 382;40;ZGW115;14:00;197806057;938
826;Sala 303;40;ZNQ131;16:00;172285227;939
426;Sala 318;36;ONE276;8:00;185730402;940
589;Sala 337;53;SLC138;15:00;198798387;941
510;Sala 157;11;XLQ204;13:00;109547571;942
186;Sala 122;40;ZCK190;12:00;147198177;943
397;Sala 118;64;XMF238;14:00;148404214;944
650;Sala 187;49;JAT244;15:00;103053607;945
141;Sala 305;56;KHZ287;12:00;117388946;946
165;Sala 216;8;ZJN242;9:00;172293389;947
710;Sala 119;41;QGC168;8:00;170293183;948
208;Sala 138;44;TIZ217;9:00;173322986;949
714;Sala 223;45;BPF274;13:00;155015403;950
735;Sala 142;6;RIU160;13:00;199557269;951
302;Sala 158;44;BYA111;11:00;100417880;952
285;Sala 293;70;UJN165;14:00;114325245;953
194;Sala 237;37;YGC165;7:00;193482837;954
325;Sala 177;8;XDT191;13:00;132674642;955
181;Sala 207;57;SKD172;10:00;132319316;956
295;Sala 219;65;ZDS216;15:00;117241491;957
591;Sala 199;4;MAX278;15:00;168707388;958
898;Sala 329;6;FEV214;8:00;115486960;959
816;Sala 347;9;SJQ261;10:00;157837995;960
110;Sala 380;15;YEP160;10:00;113322852;961
421;Sala 206;68;CKX265;9:00;127472713;962
601;Sala 165;20;JFN238;7:00;175978369;963
363;Sala 236;53;FMI180;13:00;190615143;964
625;Sala 153;38;FZA214;15:00;197284783;965
390;Sala 398;21;GBV257;8:00;101761988;966
530;Sala 292;43;AHS204;15:00;124815894;967
314;Sala 320;28;HVM276;7:00;174160590;968
515;Sala 224;65;HQP184;15:00;177098714;969
81;Sala 386;18;DTL147;9:00;131562692;970
857;Sala 243;68;GXM274;8:00;100090059;971
563;Sala 317;35;ALV198;10:00;143696821;972
176;Sala 367;60;HIO225;10:00;114453664;973
135;Sala 187;28;UON169;9:00;179306699;974
915;Sala 209;2;YQF183;9:00;120255224;975
647;Sala 308;26;OZJ235;14:00;134026056;976
251;Sala 137;26;AQT115;7:00;147860124;977
870;Sala 130;58;RAJ264;8:00;108608294;978
675;Sala 394;28;HMM235;7:00;126187267;979
665;Sala 113;18;RBF168;13:00;187559645;980
898;Sala 297;59;QSK158;15:00;142826032;981
690;Sala 359;10;GNN254;8:00;126597835;982
781;Sala 163;45;QCJ126;15:00;171682526;983
750;Sala 102;34;SJQ261;8:00;137801310;984
341;Sala 111;45;AUQ249;15:00;173166359;985
649;Sala 225;48;UON169;9:00;159036215;986
153;Sala 145;37;CDN186;15:00;133947544;987
174;Sala 290;14;PPU116;13:00;183917553;988
555;Sala 241;7;EBJ174;15:00;136593901;989
399;Sala 231;51;NYR291;9:00;194320959;990
706;Sala 109;50;UJA238;9:00;179950334;991
131;Sala 252;54;QFG276;12:00;164714558;992
95;Sala 111;12;UUS229;7:00;165190100;993
658;Sala 119;52;ZHN101;7:00;181510899;994
937;Sala 172;58;SDR232;10:00;192431787;995
208;Sala 219;65;KUO224;13:00;151826848;996
986;Sala 237;69;FGD203;12:00;114234895;997
255;Sala 278;63;EWF182;12:00;106399933;998
332;Sala 188;42;XKN198;10:00;158021443;999
972;Sala 360;11;WOI198;16:00;117297529;1000
